<?xml version="1.0" encoding="UTF-8"?>

<Organization xmlns="http://hl7.org/fhir">
  <id value="stdymphnas"/>
  <meta>
    <lastUpdated value="2020-07-07T13:26:22.0314215+00:00"/>
    <profile value="http://hl7.org/fhir/us/directory-query/StructureDefinition/NatlDirEndpointQry-Organization"/>
    <profile value="http://hl7.org/fhir/us/davinci-pdex-plan-net/StructureDefinition/plannet-Organization"/>
    <security>
      <code value="R"/>
      <display value="restricted"/>
    </security>
  </meta>
  <language value="en-US"/>
  <text>
    <status value="generated"/><div xmlns="http://www.w3.org/1999/xhtml" xml:lang="en-US" lang="en-US"><p><b>Generated Narrative: Organization</b><a name="stdymphnas"> </a></p><div style="display: inline-block; background-color: #d9e0e7; padding: 6px; margin: 4px; border: 1px solid #8da1b4; border-radius: 5px; line-height: 60%"><p style="margin-bottom: 0px">Resource Organization "stdymphnas" Updated "2020-07-07 01:26:22+0000"  (Language "en-US") </p><p style="margin-bottom: 0px">Profiles: <code>http://hl7.org/fhir/us/directory-query/StructureDefinition/NatlDirEndpointQry-Organization</code>, <code>http://hl7.org/fhir/us/davinci-pdex-plan-net/StructureDefinition/plannet-Organization</code></p><p style="margin-bottom: 0px">Security Labels: <span title="{null null}"></span></p></div><p><b>identifier</b>: id: NPI999</p><p><b>active</b>: true</p><p><b>type</b>: Facility <span style="background: LightGoldenRodYellow; margin: 4px; border: 1px solid khaki"> (OrgTypeCS#fac)</span></p><p><b>name</b>: St. Dymphna's Women's Shelter</p><p><b>telecom</b>: ph: (111)-222-3333, <a href="https://www.stdymphna.com">https://www.stdymphna.com</a></p><p><b>address</b>: 555 Side Street Hartford CT 00014-1234 </p><h3>Contacts</h3><table class="grid"><tr><td>-</td><td><b>Telecom</b></td></tr><tr><td>*</td><td>ph: (111)-222-3333</td></tr></table></div>
  </text>
  <identifier>
    <system value="http://hl7.org/fhir/sid/us-npi"/>
    <value value="NPI999"/>
  </identifier>
  <active value="true"/>
  <type>
    <coding>
      <system value="http://hl7.org/fhir/us/davinci-pdex-plan-net/CodeSystem/OrgTypeCS"/>
      <code value="fac"/>
      <display value="Facility"/>
    </coding>
  </type>
  <name value="St. Dymphna's Women's Shelter"/>
  <telecom>
    <system value="phone"/>
    <value value="(111)-222-3333"/>
    <rank value="2"/>
  </telecom>
  <telecom>
    <system value="url"/>
    <value value="https://www.stdymphna.com"/>
    <rank value="1"/>
  </telecom>
  <address>
    <line value="555 Side Street"/>
    <city value="Hartford"/>
    <state value="CT"/>
    <postalCode value="00014-1234"/>
  </address>
  <contact>
    <telecom>
      <system value="phone"/>
      <value value="(111)-222-3333"/>
      <rank value="1"/>
    </telecom>
  </contact>
</Organization>