{"resourceType":"TestScript","id":"TestScript-gszMyXpwsdoAjJZeh","url":"http://","version":"0.2.1","name":"SMART_Client_Registration","title":"R4 TestScript - SMART on FHIR Client Registration","status":"draft","date":"2022-06-14T23:24:46.024Z","publisher":"MITRE","contact":[{"name":"MITRE","telecom":[{"system":"url","value":"https://www.mitre.org"}]}],"jurisdiction":[{"coding":[{"system":"urn:iso:std:iso:3166","code":"US"}]}],"origin":[{"index":1,"profile":{"code":"FHIR-Client"}}],"destination":[{"index":1,"profile":{"code":"FHIR-Server"}}],"fixture":[{"id":"47be8943-2604-5d89-abb9-5c4e13a5120b","autocreate":true,"autodelete":true,"resource":{"reference":"Basic/OAuthRegistrationRequest1","display":"Registration Payload 1"}},{"id":"8b3f5577-4344-5c5e-91a0-ac4942632496","autocreate":true,"autodelete":true},{"id":"b079ec7f-b12a-5fec-bd06-338c44571163","autocreate":true,"autodelete":true},{"id":"f6c54af2-61fd-586d-afde-2d402ebf33af","autocreate":true,"autodelete":true},{"id":"ff897a54-61db-5461-aebb-a42fc4ed0e4d","autocreate":true,"autodelete":true}],"test":[{"id":"61dcf836-8376-5637-90e0-24ede617b7b7","name":"National Directory - FHIR Metadata","action":[{"operation":{"type":{"system":"http://terminology.hl7.org/CodeSystem/testscript-operation-codes","code":"read"},"label":"National Directory - FHIR Metadata","description":"GET /baseR4/metadata","accept":"json","encodeRequestUrl":true,"method":"get","url":"/baseR4/metadata"}},{"assert":{"description":"Confirm that the returned HTTP status is 200(OK).","response":"okay","warningOnly":false}}]},{"id":"e3daf953-6237-5170-8750-3100c0d76cb3","name":"Registration (SMART on FHIR)","action":[{"operation":{"type":{"system":"http://terminology.hl7.org/CodeSystem/testscript-operation-codes","code":"create"},"label":"Registration (SMART on FHIR)","description":"POST /oauth/registration","accept":"json","encodeRequestUrl":true,"method":"post","sourceId":"47be8943-2604-5d89-abb9-5c4e13a5120b","url":"/oauth/registration"}},{"assert":{"description":"Confirm that the returned HTTP status is 201(Success).","response":"created","warningOnly":false}},{"assert":{"description":"Body contains the following","warningOnly":false}}]},{"id":"dcd8fa9d-767f-5c63-9648-dffa6974d322","name":"Authorize - Stand Alone","action":[{"operation":{"type":{"system":"http://terminology.hl7.org/CodeSystem/testscript-operation-codes","code":"read"},"label":"Authorize - Stand Alone","description":"GET /oauth/authorize","accept":"json","encodeRequestUrl":true,"method":"get","url":"/oauth/authorize"}},{"assert":{"description":"Confirm that the returned HTTP status is 200(OK).","response":"okay","warningOnly":false}},{"assert":{"description":"Body contains the following","warningOnly":false}}]},{"id":"e61c9e92-fcdc-5ca3-8b0c-c80d55b50e4e","name":"Token request","action":[{"operation":{"type":{"system":"http://terminology.hl7.org/CodeSystem/testscript-operation-codes","code":"read"},"label":"Token request","description":"GET /oauth/token?client_id=12345&code=5KFP8pBZcbqkSuNnY&grant_type=authorization_code&redirect_uri=https%3A%2F%2Finferno.healthit.gov%2Fsuites%2Fcustom%2Fsmart%2Fredirect","accept":"json","encodeRequestUrl":true,"method":"get","url":"/oauth/token"}},{"assert":{"description":"Confirm that the returned HTTP status is 200(OK).","response":"okay","warningOnly":false}},{"assert":{"description":"Body contains the following","warningOnly":false}}]}]}