<?xml version="1.0" encoding="UTF-8"?><ImplementationGuide xmlns="http://hl7.org/fhir"><id value="mitre.fast.access-control"/><text><status value="extensions"/><div xmlns="http://www.w3.org/1999/xhtml"><h2>FastAccessControl</h2><p>The official URL for this implementation guide is: </p><pre>https://gitlab.mitre.org/awatson/fast-access-control/ImplementationGuide/mitre.fast.access-control</pre></div></text><url value="https://gitlab.mitre.org/awatson/fast-access-control/ImplementationGuide/mitre.fast.access-control"/><version value="0.1.0"/><name value="FastAccessControl"/><status value="draft"/><date value="2022-10-25T00:45:51-05:00"/><publisher value="MITRE"/><contact><name value="MITRE"/><telecom><system value="url"/><value value="https://www.mitre.org"/></telecom></contact><packageId value="mitre.fast.access-control"/><license value="CC0-1.0"/><fhirVersion value="4.0.1"/><dependsOn id="hl7tx"><uri value="http://terminology.hl7.org/ImplementationGuide/hl7.terminology"/><packageId value="hl7.terminology.r4"/><version value="4.0.0"/></dependsOn><definition><extension url="http://hl7.org/fhir/tools/StructureDefinition/ig-parameter"><extension url="code"><valueString value="copyrightyear"/></extension><extension url="value"><valueString value="2022+"/></extension></extension><extension url="http://hl7.org/fhir/tools/StructureDefinition/ig-parameter"><extension url="code"><valueString value="releaselabel"/></extension><extension url="value"><valueString value="ci-build"/></extension></extension><extension url="http://hl7.org/fhir/tools/StructureDefinition/ig-parameter"><extension url="code"><valueString value="autoload-resources"/></extension><extension url="value"><valueString value="true"/></extension></extension><extension url="http://hl7.org/fhir/tools/StructureDefinition/ig-parameter"><extension url="code"><valueString value="path-liquid"/></extension><extension url="value"><valueString value="template/liquid"/></extension></extension><extension url="http://hl7.org/fhir/tools/StructureDefinition/ig-parameter"><extension url="code"><valueString value="path-liquid"/></extension><extension url="value"><valueString value="input/liquid"/></extension></extension><extension url="http://hl7.org/fhir/tools/StructureDefinition/ig-parameter"><extension url="code"><valueString value="path-qa"/></extension><extension url="value"><valueString value="temp/qa"/></extension></extension><extension url="http://hl7.org/fhir/tools/StructureDefinition/ig-parameter"><extension url="code"><valueString value="path-temp"/></extension><extension url="value"><valueString value="temp/pages"/></extension></extension><extension url="http://hl7.org/fhir/tools/StructureDefinition/ig-parameter"><extension url="code"><valueString value="path-output"/></extension><extension url="value"><valueString value="output"/></extension></extension><extension url="http://hl7.org/fhir/tools/StructureDefinition/ig-parameter"><extension url="code"><valueString value="path-suppressed-warnings"/></extension><extension url="value"><valueString value="input/ignoreWarnings.txt"/></extension></extension><extension url="http://hl7.org/fhir/tools/StructureDefinition/ig-parameter"><extension url="code"><valueString value="path-history"/></extension><extension url="value"><valueString value="https://gitlab.mitre.org/awatson/fast-access-control/history.html"/></extension></extension><extension url="http://hl7.org/fhir/tools/StructureDefinition/ig-parameter"><extension url="code"><valueString value="template-html"/></extension><extension url="value"><valueString value="template-page.html"/></extension></extension><extension url="http://hl7.org/fhir/tools/StructureDefinition/ig-parameter"><extension url="code"><valueString value="template-md"/></extension><extension url="value"><valueString value="template-page-md.html"/></extension></extension><extension url="http://hl7.org/fhir/tools/StructureDefinition/ig-parameter"><extension url="code"><valueString value="apply-contact"/></extension><extension url="value"><valueString value="true"/></extension></extension><extension url="http://hl7.org/fhir/tools/StructureDefinition/ig-parameter"><extension url="code"><valueString value="apply-context"/></extension><extension url="value"><valueString value="true"/></extension></extension><extension url="http://hl7.org/fhir/tools/StructureDefinition/ig-parameter"><extension url="code"><valueString value="apply-copyright"/></extension><extension url="value"><valueString value="true"/></extension></extension><extension url="http://hl7.org/fhir/tools/StructureDefinition/ig-parameter"><extension url="code"><valueString value="apply-jurisdiction"/></extension><extension url="value"><valueString value="true"/></extension></extension><extension url="http://hl7.org/fhir/tools/StructureDefinition/ig-parameter"><extension url="code"><valueString value="apply-license"/></extension><extension url="value"><valueString value="true"/></extension></extension><extension url="http://hl7.org/fhir/tools/StructureDefinition/ig-parameter"><extension url="code"><valueString value="apply-publisher"/></extension><extension url="value"><valueString value="true"/></extension></extension><extension url="http://hl7.org/fhir/tools/StructureDefinition/ig-parameter"><extension url="code"><valueString value="apply-version"/></extension><extension url="value"><valueString value="true"/></extension></extension><extension url="http://hl7.org/fhir/tools/StructureDefinition/ig-parameter"><extension url="code"><valueString value="active-tables"/></extension><extension url="value"><valueString value="true"/></extension></extension><extension url="http://hl7.org/fhir/tools/StructureDefinition/ig-parameter"><extension url="code"><valueString value="fmm-definition"/></extension><extension url="value"><valueString value="http://hl7.org/fhir/versions.html#maturity"/></extension></extension><extension url="http://hl7.org/fhir/tools/StructureDefinition/ig-parameter"><extension url="code"><valueString value="propagate-status"/></extension><extension url="value"><valueString value="true"/></extension></extension><extension url="http://hl7.org/fhir/tools/StructureDefinition/ig-parameter"><extension url="code"><valueString value="excludelogbinaryformat"/></extension><extension url="value"><valueString value="true"/></extension></extension><extension url="http://hl7.org/fhir/tools/StructureDefinition/ig-parameter"><extension url="code"><valueString value="tabbed-snapshots"/></extension><extension url="value"><valueString value="true"/></extension></extension><extension url="http://hl7.org/fhir/tools/StructureDefinition/ig-parameter"><extension url="code"><valueString value="copyrightyear"/></extension><extension url="value"><valueString value="2022+"/></extension></extension><extension url="http://hl7.org/fhir/tools/StructureDefinition/ig-parameter"><extension url="code"><valueString value="releaselabel"/></extension><extension url="value"><valueString value="ci-build"/></extension></extension><extension url="http://hl7.org/fhir/tools/StructureDefinition/ig-parameter"><extension url="code"><valueString value="autoload-resources"/></extension><extension url="value"><valueString value="true"/></extension></extension><extension url="http://hl7.org/fhir/tools/StructureDefinition/ig-parameter"><extension url="code"><valueString value="path-liquid"/></extension><extension url="value"><valueString value="template/liquid"/></extension></extension><extension url="http://hl7.org/fhir/tools/StructureDefinition/ig-parameter"><extension url="code"><valueString value="path-liquid"/></extension><extension url="value"><valueString value="input/liquid"/></extension></extension><extension url="http://hl7.org/fhir/tools/StructureDefinition/ig-parameter"><extension url="code"><valueString value="path-qa"/></extension><extension url="value"><valueString value="temp/qa"/></extension></extension><extension url="http://hl7.org/fhir/tools/StructureDefinition/ig-parameter"><extension url="code"><valueString value="path-temp"/></extension><extension url="value"><valueString value="temp/pages"/></extension></extension><extension url="http://hl7.org/fhir/tools/StructureDefinition/ig-parameter"><extension url="code"><valueString value="path-output"/></extension><extension url="value"><valueString value="output"/></extension></extension><extension url="http://hl7.org/fhir/tools/StructureDefinition/ig-parameter"><extension url="code"><valueString value="path-suppressed-warnings"/></extension><extension url="value"><valueString value="input/ignoreWarnings.txt"/></extension></extension><extension url="http://hl7.org/fhir/tools/StructureDefinition/ig-parameter"><extension url="code"><valueString value="path-history"/></extension><extension url="value"><valueString value="https://gitlab.mitre.org/awatson/fast-access-control/history.html"/></extension></extension><extension url="http://hl7.org/fhir/tools/StructureDefinition/ig-parameter"><extension url="code"><valueString value="template-html"/></extension><extension url="value"><valueString value="template-page.html"/></extension></extension><extension url="http://hl7.org/fhir/tools/StructureDefinition/ig-parameter"><extension url="code"><valueString value="template-md"/></extension><extension url="value"><valueString value="template-page-md.html"/></extension></extension><extension url="http://hl7.org/fhir/tools/StructureDefinition/ig-parameter"><extension url="code"><valueString value="apply-contact"/></extension><extension url="value"><valueString value="true"/></extension></extension><extension url="http://hl7.org/fhir/tools/StructureDefinition/ig-parameter"><extension url="code"><valueString value="apply-context"/></extension><extension url="value"><valueString value="true"/></extension></extension><extension url="http://hl7.org/fhir/tools/StructureDefinition/ig-parameter"><extension url="code"><valueString value="apply-copyright"/></extension><extension url="value"><valueString value="true"/></extension></extension><extension url="http://hl7.org/fhir/tools/StructureDefinition/ig-parameter"><extension url="code"><valueString value="apply-jurisdiction"/></extension><extension url="value"><valueString value="true"/></extension></extension><extension url="http://hl7.org/fhir/tools/StructureDefinition/ig-parameter"><extension url="code"><valueString value="apply-license"/></extension><extension url="value"><valueString value="true"/></extension></extension><extension url="http://hl7.org/fhir/tools/StructureDefinition/ig-parameter"><extension url="code"><valueString value="apply-publisher"/></extension><extension url="value"><valueString value="true"/></extension></extension><extension url="http://hl7.org/fhir/tools/StructureDefinition/ig-parameter"><extension url="code"><valueString value="apply-version"/></extension><extension url="value"><valueString value="true"/></extension></extension><extension url="http://hl7.org/fhir/tools/StructureDefinition/ig-parameter"><extension url="code"><valueString value="active-tables"/></extension><extension url="value"><valueString value="true"/></extension></extension><extension url="http://hl7.org/fhir/tools/StructureDefinition/ig-parameter"><extension url="code"><valueString value="fmm-definition"/></extension><extension url="value"><valueString value="http://hl7.org/fhir/versions.html#maturity"/></extension></extension><extension url="http://hl7.org/fhir/tools/StructureDefinition/ig-parameter"><extension url="code"><valueString value="propagate-status"/></extension><extension url="value"><valueString value="true"/></extension></extension><extension url="http://hl7.org/fhir/tools/StructureDefinition/ig-parameter"><extension url="code"><valueString value="excludelogbinaryformat"/></extension><extension url="value"><valueString value="true"/></extension></extension><extension url="http://hl7.org/fhir/tools/StructureDefinition/ig-parameter"><extension url="code"><valueString value="tabbed-snapshots"/></extension><extension url="value"><valueString value="true"/></extension></extension><extension url="http://hl7.org/fhir/tools/StructureDefinition/ig-parameter"><extension url="code"><valueString value="copyrightyear"/></extension><extension url="value"><valueString value="2022+"/></extension></extension><extension url="http://hl7.org/fhir/tools/StructureDefinition/ig-parameter"><extension url="code"><valueString value="releaselabel"/></extension><extension url="value"><valueString value="ci-build"/></extension></extension><extension url="http://hl7.org/fhir/tools/StructureDefinition/ig-parameter"><extension url="code"><valueString value="autoload-resources"/></extension><extension url="value"><valueString value="true"/></extension></extension><extension url="http://hl7.org/fhir/tools/StructureDefinition/ig-parameter"><extension url="code"><valueString value="path-liquid"/></extension><extension url="value"><valueString value="template/liquid"/></extension></extension><extension url="http://hl7.org/fhir/tools/StructureDefinition/ig-parameter"><extension url="code"><valueString value="path-liquid"/></extension><extension url="value"><valueString value="input/liquid"/></extension></extension><extension url="http://hl7.org/fhir/tools/StructureDefinition/ig-parameter"><extension url="code"><valueString value="path-qa"/></extension><extension url="value"><valueString value="temp/qa"/></extension></extension><extension url="http://hl7.org/fhir/tools/StructureDefinition/ig-parameter"><extension url="code"><valueString value="path-temp"/></extension><extension url="value"><valueString value="temp/pages"/></extension></extension><extension url="http://hl7.org/fhir/tools/StructureDefinition/ig-parameter"><extension url="code"><valueString value="path-output"/></extension><extension url="value"><valueString value="output"/></extension></extension><extension url="http://hl7.org/fhir/tools/StructureDefinition/ig-parameter"><extension url="code"><valueString value="path-suppressed-warnings"/></extension><extension url="value"><valueString value="input/ignoreWarnings.txt"/></extension></extension><extension url="http://hl7.org/fhir/tools/StructureDefinition/ig-parameter"><extension url="code"><valueString value="path-history"/></extension><extension url="value"><valueString value="https://gitlab.mitre.org/awatson/fast-access-control/history.html"/></extension></extension><extension url="http://hl7.org/fhir/tools/StructureDefinition/ig-parameter"><extension url="code"><valueString value="template-html"/></extension><extension url="value"><valueString value="template-page.html"/></extension></extension><extension url="http://hl7.org/fhir/tools/StructureDefinition/ig-parameter"><extension url="code"><valueString value="template-md"/></extension><extension url="value"><valueString value="template-page-md.html"/></extension></extension><extension url="http://hl7.org/fhir/tools/StructureDefinition/ig-parameter"><extension url="code"><valueString value="apply-contact"/></extension><extension url="value"><valueString value="true"/></extension></extension><extension url="http://hl7.org/fhir/tools/StructureDefinition/ig-parameter"><extension url="code"><valueString value="apply-context"/></extension><extension url="value"><valueString value="true"/></extension></extension><extension url="http://hl7.org/fhir/tools/StructureDefinition/ig-parameter"><extension url="code"><valueString value="apply-copyright"/></extension><extension url="value"><valueString value="true"/></extension></extension><extension url="http://hl7.org/fhir/tools/StructureDefinition/ig-parameter"><extension url="code"><valueString value="apply-jurisdiction"/></extension><extension url="value"><valueString value="true"/></extension></extension><extension url="http://hl7.org/fhir/tools/StructureDefinition/ig-parameter"><extension url="code"><valueString value="apply-license"/></extension><extension url="value"><valueString value="true"/></extension></extension><extension url="http://hl7.org/fhir/tools/StructureDefinition/ig-parameter"><extension url="code"><valueString value="apply-publisher"/></extension><extension url="value"><valueString value="true"/></extension></extension><extension url="http://hl7.org/fhir/tools/StructureDefinition/ig-parameter"><extension url="code"><valueString value="apply-version"/></extension><extension url="value"><valueString value="true"/></extension></extension><extension url="http://hl7.org/fhir/tools/StructureDefinition/ig-parameter"><extension url="code"><valueString value="active-tables"/></extension><extension url="value"><valueString value="true"/></extension></extension><extension url="http://hl7.org/fhir/tools/StructureDefinition/ig-parameter"><extension url="code"><valueString value="fmm-definition"/></extension><extension url="value"><valueString value="http://hl7.org/fhir/versions.html#maturity"/></extension></extension><extension url="http://hl7.org/fhir/tools/StructureDefinition/ig-parameter"><extension url="code"><valueString value="propagate-status"/></extension><extension url="value"><valueString value="true"/></extension></extension><extension url="http://hl7.org/fhir/tools/StructureDefinition/ig-parameter"><extension url="code"><valueString value="excludelogbinaryformat"/></extension><extension url="value"><valueString value="true"/></extension></extension><extension url="http://hl7.org/fhir/tools/StructureDefinition/ig-parameter"><extension url="code"><valueString value="tabbed-snapshots"/></extension><extension url="value"><valueString value="true"/></extension></extension><grouping id="-dyn-capabilitystatement"><name value="Behavior: Capability Statements"/><description value="The following artifacts define the specific capabilities that different types of systems are expected to have in order to comply with this implementation guide.  Systems conforming to this implementation guide are expected to declare conformance to one or more of the following capability statements."/></grouping><grouping id="-str-profile"><name value="Structures: Resource Profiles"/><description value="These define constraints on FHIR resources for systems conforming to this implementation guide"/></grouping><grouping id="-term-valueset"><name value="Terminology: Value Sets"/><description value="These define sets of codes used by systems conforming to this implementation guide"/></grouping><grouping id="-term-codesystem"><name value="Terminology: Code Systems"/><description value="These define new code systems used by systems conforming to this implementation guide"/></grouping><grouping id="-map-conceptmap"><name value="Terminology: Concept Maps"/><description value="These define transformations to convert between codes by systems conforming with this implementation guide"/></grouping><grouping id="-ex-example"><name value="Example: Example Instances"/><description value="These are example instances that show what data produced and consumed by systems conforming with this implementation guide might look like"/></grouping><resource><extension url="http://hl7.org/fhir/StructureDefinition/implementationguide-page"><valueUri value="StructureDefinition-ConsentToAcces.html"/></extension><reference><reference value="StructureDefinition/ConsentToAcces"/></reference><name value="AccessControlConsent"/><description value="Restriction on use/release of exchanged information"/><exampleBoolean value="false"/><groupingId value="-str-profile"/></resource><resource><extension url="http://hl7.org/fhir/StructureDefinition/implementationguide-page"><valueUri value="ValueSet-consent-exchange-category-codes.html"/></extension><reference><reference value="ValueSet/consent-exchange-category-codes"/></reference><name value="ConsentExchangeCategoryCodes"/><description value="Consent Exchange - Category Codes"/><exampleBoolean value="false"/><groupingId value="-term-valueset"/></resource><resource><extension url="http://hl7.org/fhir/StructureDefinition/implementationguide-page"><valueUri value="ValueSet-ConsentExchangePolicies.html"/></extension><reference><reference value="ValueSet/ConsentExchangePolicies"/></reference><name value="ConsentExchangePolicies"/><description value="Consent Exchange - Policies"/><exampleBoolean value="false"/><groupingId value="-term-valueset"/></resource><resource><extension url="http://hl7.org/fhir/StructureDefinition/implementationguide-page"><valueUri value="ValueSet-ConsentExchangeRelations.html"/></extension><reference><reference value="ValueSet/ConsentExchangeRelations"/></reference><name value="ConsentExchangeRelations"/><description value="Consent Exchange - Relationships"/><exampleBoolean value="false"/><groupingId value="-term-valueset"/></resource><resource><extension url="http://hl7.org/fhir/StructureDefinition/implementationguide-page"><valueUri value="ValueSet-consent-exchange-scope-codes.html"/></extension><reference><reference value="ValueSet/consent-exchange-scope-codes"/></reference><name value="ConsentExchangeScopeCodes"/><description value="Consent Exchange - Scope Codes"/><exampleBoolean value="false"/><groupingId value="-term-valueset"/></resource><resource><extension url="http://hl7.org/fhir/StructureDefinition/implementationguide-page"><valueUri value="CodeSystem-CmsInteroperabilityPolicyCodes.html"/></extension><reference><reference value="CodeSystem/CmsInteroperabilityPolicyCodes"/></reference><name value="CmsInteroperabilityPolicyCodes"/><description value="Policy provisions defined under CMS-9115-F, CMS Interoperability and Patient Access final rule"/><exampleBoolean value="false"/><groupingId value="-term-codesystem"/></resource><resource><extension url="http://hl7.org/fhir/StructureDefinition/implementationguide-page"><valueUri value="CodeSystem-ConsentExchangeRelationships.html"/></extension><reference><reference value="CodeSystem/ConsentExchangeRelationships"/></reference><name value="ConsentExchangeRelationships"/><description value="Relationships used to model and exchange consent relationships"/><exampleBoolean value="false"/><groupingId value="-term-codesystem"/></resource><resource><extension url="http://hl7.org/fhir/StructureDefinition/implementationguide-page"><valueUri value="CodeSystem-PayorToPayorExchangePolicyCodes.html"/></extension><reference><reference value="CodeSystem/PayorToPayorExchangePolicyCodes"/></reference><name value="PayorToPayorExchangePolicyCodes"/><description value="Policy codes used to define legal frameworks under which consent exchange occurs between payors."/><exampleBoolean value="false"/><groupingId value="-term-codesystem"/></resource><resource><extension url="http://hl7.org/fhir/StructureDefinition/implementationguide-page"><valueUri value="CapabilityStatement-AccessControlRequirements.html"/></extension><reference><reference value="CapabilityStatement/AccessControlRequirements"/></reference><name value="AccessControlRequirements"/><description value="Access Control Capability Statement"/><exampleBoolean value="false"/><groupingId value="-dyn-capabilitystatement"/></resource><resource><extension url="http://hl7.org/fhir/StructureDefinition/implementationguide-page"><valueUri value="Consent-ConsentAnonLoc.html"/></extension><reference><reference value="Consent/ConsentAnonLoc"/></reference><name value="ConsentAnonLoc"/><description value="Policy rule to allow general citizenry and anonymous users access to public listings of Location records."/><exampleBoolean value="true"/><groupingId value="-ex-example"/></resource><resource><extension url="http://hl7.org/fhir/StructureDefinition/implementationguide-page"><valueUri value="Consent-ConsentAnonOrg.html"/></extension><reference><reference value="Consent/ConsentAnonOrg"/></reference><name value="ConsentAnonOrg"/><description value="Policy rule to allow general citizenry and anonymous users access to public listings of Organization records."/><exampleBoolean value="true"/><groupingId value="-ex-example"/></resource><resource><extension url="http://hl7.org/fhir/StructureDefinition/implementationguide-page"><valueUri value="Consent-ConsentAnonPrac.html"/></extension><reference><reference value="Consent/ConsentAnonPrac"/></reference><name value="ConsentAnonPrac"/><description value="Policy rule to allow general citizenry and anonymous users access to public listings of Practitioner records."/><exampleBoolean value="true"/><groupingId value="-ex-example"/></resource><resource><extension url="http://hl7.org/fhir/StructureDefinition/implementationguide-page"><valueUri value="Consent-ConsentClinicianLoc.html"/></extension><reference><reference value="Consent/ConsentClinicianLoc"/></reference><name value="ConsentClinicianLoc"/><description value="Policy rule to allow authenticated healthcare practitioners access to restricted Location records."/><exampleBoolean value="true"/><groupingId value="-ex-example"/></resource><resource><extension url="http://hl7.org/fhir/StructureDefinition/implementationguide-page"><valueUri value="Consent-ConsentClinicianOrg.html"/></extension><reference><reference value="Consent/ConsentClinicianOrg"/></reference><name value="ConsentClinicianOrg"/><description value="Policy rule to allow authenticated healthcare practitioners access to restricted Organization records."/><exampleBoolean value="true"/><groupingId value="-ex-example"/></resource><resource><extension url="http://hl7.org/fhir/StructureDefinition/implementationguide-page"><valueUri value="ConceptMap-DnrToConsent.html"/></extension><reference><reference value="ConceptMap/DnrToConsent"/></reference><name value="DnrToConsent"/><description value="Do Not Recussitate questionnaire to Consent record"/><exampleBoolean value="false"/><groupingId value="-map-conceptmap"/></resource><resource><extension url="http://hl7.org/fhir/StructureDefinition/implementationguide-page"><valueUri value="ConceptMap-HipaaPrivacyToConsent.html"/></extension><reference><reference value="ConceptMap/HipaaPrivacyToConsent"/></reference><name value="HipaaPrivacyToConsent"/><description value="HIPAA Privacy questionnaire to Consent record"/><exampleBoolean value="false"/><groupingId value="-map-conceptmap"/></resource><resource><extension url="http://hl7.org/fhir/StructureDefinition/implementationguide-page"><valueUri value="ConceptMap-LivingWillToConsent.html"/></extension><reference><reference value="ConceptMap/LivingWillToConsent"/></reference><name value="LivingWillToConsent"/><description value="Living Will questionnaire to Consent record"/><exampleBoolean value="false"/><groupingId value="-map-conceptmap"/></resource><resource><extension url="http://hl7.org/fhir/StructureDefinition/implementationguide-page"><valueUri value="ConceptMap-PoaContractToConsent.html"/></extension><reference><reference value="ConceptMap/PoaContractToConsent"/></reference><name value="PoaContractToConsent"/><description value="Power of Attorney contract to Consent record"/><exampleBoolean value="false"/><groupingId value="-map-conceptmap"/></resource><resource><extension url="http://hl7.org/fhir/StructureDefinition/implementationguide-page"><valueUri value="ConceptMap-PoaMentalHealthToConsent.html"/></extension><reference><reference value="ConceptMap/PoaMentalHealthToConsent"/></reference><name value="PoaMentalHealthToConsent"/><description value="Power of Attorney Mental Health questionnaire to Consent record"/><exampleBoolean value="false"/><groupingId value="-map-conceptmap"/></resource><resource><extension url="http://hl7.org/fhir/StructureDefinition/implementationguide-page"><valueUri value="ConceptMap-PoaQuestinonaireToConsent.html"/></extension><reference><reference value="ConceptMap/PoaQuestinonaireToConsent"/></reference><name value="PoaQuestinonaireToConsent"/><description value="Power of Attorney questionnaire to Consent record"/><exampleBoolean value="false"/><groupingId value="-map-conceptmap"/></resource><resource><extension url="http://hl7.org/fhir/StructureDefinition/implementationguide-page"><valueUri value="ConceptMap-PolstToConsent.html"/></extension><reference><reference value="ConceptMap/PolstToConsent"/></reference><name value="PolstToConsent"/><description value="Physician Orders for Life Sustaining Treatment (POLST) to Consent record"/><exampleBoolean value="false"/><groupingId value="-map-conceptmap"/></resource><resource><extension url="http://hl7.org/fhir/StructureDefinition/implementationguide-page"><valueUri value="Questionnaire-fast-patient-privacy.html"/></extension><reference><reference value="Questionnaire/fast-patient-privacy"/></reference><name value="fast-patient-privacy"/><description value="Sample Legal Document - FAST Patient Privacy (HIPAA)"/><exampleBoolean value="true"/><groupingId value="-ex-example"/></resource><resource><extension url="http://hl7.org/fhir/StructureDefinition/implementationguide-page"><valueUri value="Questionnaire-leap-dnr.html"/></extension><reference><reference value="Questionnaire/leap-dnr"/></reference><name value="leap-dnr"/><description value="Sample Legal Document - Do Not Rescussitate"/><exampleBoolean value="true"/><groupingId value="-ex-example"/></resource><resource><extension url="http://hl7.org/fhir/StructureDefinition/implementationguide-page"><valueUri value="Questionnaire-leap-livingwill.html"/></extension><reference><reference value="Questionnaire/leap-livingwill"/></reference><name value="leap-livingwill"/><description value="Sample Legal Document - Living Will"/><exampleBoolean value="true"/><groupingId value="-ex-example"/></resource><resource><extension url="http://hl7.org/fhir/StructureDefinition/implementationguide-page"><valueUri value="Questionnaire-leap-patient-privacy.html"/></extension><reference><reference value="Questionnaire/leap-patient-privacy"/></reference><name value="leap-patient-privacy"/><description value="Sample Legal Document - HIPAA Patient Privacy"/><exampleBoolean value="true"/><groupingId value="-ex-example"/></resource><resource><extension url="http://hl7.org/fhir/StructureDefinition/implementationguide-page"><valueUri value="Questionnaire-leap-poahealthcare.html"/></extension><reference><reference value="Questionnaire/leap-poahealthcare"/></reference><name value="leap-poahealthcare"/><description value="Sample Legal Document - Power of Attorney"/><exampleBoolean value="true"/><groupingId value="-ex-example"/></resource><resource><extension url="http://hl7.org/fhir/StructureDefinition/implementationguide-page"><valueUri value="Questionnaire-leap-poamentalhealth.html"/></extension><reference><reference value="Questionnaire/leap-poamentalhealth"/></reference><name value="leap-poamentalhealth"/><description value="Sample Legal Document - Power of Attorney - Mental Health"/><exampleBoolean value="true"/><groupingId value="-ex-example"/></resource><resource><extension url="http://hl7.org/fhir/StructureDefinition/implementationguide-page"><valueUri value="Questionnaire-leap-polst.html"/></extension><reference><reference value="Questionnaire/leap-polst"/></reference><name value="leap-polst"/><description value="Sample Legal Document - National Portable Medical Order"/><exampleBoolean value="true"/><groupingId value="-ex-example"/></resource><resource><extension url="http://hl7.org/fhir/StructureDefinition/implementationguide-page"><valueUri value="Patient-patient-jane-doe.html"/></extension><reference><reference value="Patient/patient-jane-doe"/></reference><name value="patient-jane-doe"/><description value="Jane Doe patient not part of relationship model, used for checking security access."/><exampleBoolean value="true"/><groupingId value="-ex-example"/></resource><resource><extension url="http://hl7.org/fhir/StructureDefinition/implementationguide-page"><valueUri value="Patient-patient-jennifer-smith.html"/></extension><reference><reference value="Patient/patient-jennifer-smith"/></reference><name value="patient-jennifer-smith"/><description value="Jennifer Smith - Patient demographics record."/><exampleBoolean value="true"/><groupingId value="-ex-example"/></resource><resource><extension url="http://hl7.org/fhir/StructureDefinition/implementationguide-page"><valueUri value="Patient-patient-john-smith.html"/></extension><reference><reference value="Patient/patient-john-smith"/></reference><name value="patient-john-smith"/><description value="John Smith - Patient demographics record."/><exampleBoolean value="true"/><groupingId value="-ex-example"/></resource><resource><extension url="http://hl7.org/fhir/StructureDefinition/implementationguide-page"><valueUri value="Patient-patient-katie-klepti.html"/></extension><reference><reference value="Patient/patient-katie-klepti"/></reference><name value="patient-katie-klepti"/><description value="Katie Klepti - a woman without much sense of boundaries or traditional notions of property ownership."/><exampleBoolean value="true"/><groupingId value="-ex-example"/></resource><resource><extension url="http://hl7.org/fhir/StructureDefinition/implementationguide-page"><valueUri value="Practitioner-practitioner-alison-camron.html"/></extension><reference><reference value="Practitioner/practitioner-alison-camron"/></reference><name value="practitioner-alison-camron"/><description value="Dr. Alison Camron, Attending Physician"/><exampleBoolean value="true"/><groupingId value="-ex-example"/></resource><resource><extension url="http://hl7.org/fhir/StructureDefinition/implementationguide-page"><valueUri value="Practitioner-practitioner-susan-social.html"/></extension><reference><reference value="Practitioner/practitioner-susan-social"/></reference><name value="practitioner-susan-social"/><description value="Susan Social - Social Worker"/><exampleBoolean value="true"/><groupingId value="-ex-example"/></resource><resource><extension url="http://hl7.org/fhir/StructureDefinition/implementationguide-page"><valueUri value="Organization-stdymphnas.html"/></extension><reference><reference value="Organization/stdymphnas"/></reference><name value="Org-StDymphnas"/><description value="St. Dympha's Womens Shelter"/><exampleBoolean value="true"/><groupingId value="-ex-example"/></resource><resource><extension url="http://hl7.org/fhir/StructureDefinition/implementationguide-page"><valueUri value="Organization-stjames.html"/></extension><reference><reference value="Organization/stjames"/></reference><name value="Org-StJames"/><description value="St. Jame's Infirmary"/><exampleBoolean value="true"/><groupingId value="-ex-example"/></resource><page><extension url="http://hl7.org/fhir/tools/StructureDefinition/ig-page-name"><valueUrl value="toc.html"/></extension><nameUrl value="toc.html"/><title value="Table of Contents"/><generation value="html"/><page><extension url="http://hl7.org/fhir/tools/StructureDefinition/ig-page-name"><valueUrl value="index.html"/></extension><nameUrl value="index.html"/><title value="Home"/><generation value="markdown"/></page><page><extension url="http://hl7.org/fhir/tools/StructureDefinition/ig-page-name"><valueUrl value="consentengine.html"/></extension><nameUrl value="consentengine.html"/><title value="Consentengine"/><generation value="markdown"/></page><page><extension url="http://hl7.org/fhir/tools/StructureDefinition/ig-page-name"><valueUrl value="datacollection.html"/></extension><nameUrl value="datacollection.html"/><title value="Datacollection"/><generation value="markdown"/></page><page><extension url="http://hl7.org/fhir/tools/StructureDefinition/ig-page-name"><valueUrl value="oauth.html"/></extension><nameUrl value="oauth.html"/><title value="Oauth"/><generation value="markdown"/></page><page><extension url="http://hl7.org/fhir/tools/StructureDefinition/ig-page-name"><valueUrl value="scrap.html"/></extension><nameUrl value="scrap.html"/><title value="Scrap"/><generation value="markdown"/></page><page><extension url="http://hl7.org/fhir/tools/StructureDefinition/ig-page-name"><valueUrl value="artifacts.html"/></extension><nameUrl value="artifacts.html"/><title value="Artifacts Summary"/><generation value="html"/><page><extension url="http://hl7.org/fhir/tools/StructureDefinition/ig-page-name"><valueUrl value="CapabilityStatement-AccessControlRequirements.html"/></extension><nameUrl value="CapabilityStatement-AccessControlRequirements.html"/><title value="AccessControlRequirements"/><generation value="generated"/></page><page><extension url="http://hl7.org/fhir/tools/StructureDefinition/ig-page-name"><valueUrl value="StructureDefinition-ConsentToAcces.html"/></extension><nameUrl value="StructureDefinition-ConsentToAcces.html"/><title value="AccessControlConsent"/><generation value="generated"/></page><page><extension url="http://hl7.org/fhir/tools/StructureDefinition/ig-page-name"><valueUrl value="ValueSet-consent-exchange-category-codes.html"/></extension><nameUrl value="ValueSet-consent-exchange-category-codes.html"/><title value="ConsentExchangeCategoryCodes"/><generation value="generated"/></page><page><extension url="http://hl7.org/fhir/tools/StructureDefinition/ig-page-name"><valueUrl value="ValueSet-ConsentExchangePolicies.html"/></extension><nameUrl value="ValueSet-ConsentExchangePolicies.html"/><title value="ConsentExchangePolicies"/><generation value="generated"/></page><page><extension url="http://hl7.org/fhir/tools/StructureDefinition/ig-page-name"><valueUrl value="ValueSet-ConsentExchangeRelations.html"/></extension><nameUrl value="ValueSet-ConsentExchangeRelations.html"/><title value="ConsentExchangeRelations"/><generation value="generated"/></page><page><extension url="http://hl7.org/fhir/tools/StructureDefinition/ig-page-name"><valueUrl value="ValueSet-consent-exchange-scope-codes.html"/></extension><nameUrl value="ValueSet-consent-exchange-scope-codes.html"/><title value="ConsentExchangeScopeCodes"/><generation value="generated"/></page><page><extension url="http://hl7.org/fhir/tools/StructureDefinition/ig-page-name"><valueUrl value="CodeSystem-CmsInteroperabilityPolicyCodes.html"/></extension><nameUrl value="CodeSystem-CmsInteroperabilityPolicyCodes.html"/><title value="CmsInteroperabilityPolicyCodes"/><generation value="generated"/></page><page><extension url="http://hl7.org/fhir/tools/StructureDefinition/ig-page-name"><valueUrl value="CodeSystem-ConsentExchangeRelationships.html"/></extension><nameUrl value="CodeSystem-ConsentExchangeRelationships.html"/><title value="ConsentExchangeRelationships"/><generation value="generated"/></page><page><extension url="http://hl7.org/fhir/tools/StructureDefinition/ig-page-name"><valueUrl value="CodeSystem-PayorToPayorExchangePolicyCodes.html"/></extension><nameUrl value="CodeSystem-PayorToPayorExchangePolicyCodes.html"/><title value="PayorToPayorExchangePolicyCodes"/><generation value="generated"/></page><page><extension url="http://hl7.org/fhir/tools/StructureDefinition/ig-page-name"><valueUrl value="ConceptMap-DnrToConsent.html"/></extension><nameUrl value="ConceptMap-DnrToConsent.html"/><title value="DnrToConsent"/><generation value="generated"/></page><page><extension url="http://hl7.org/fhir/tools/StructureDefinition/ig-page-name"><valueUrl value="ConceptMap-HipaaPrivacyToConsent.html"/></extension><nameUrl value="ConceptMap-HipaaPrivacyToConsent.html"/><title value="HipaaPrivacyToConsent"/><generation value="generated"/></page><page><extension url="http://hl7.org/fhir/tools/StructureDefinition/ig-page-name"><valueUrl value="ConceptMap-LivingWillToConsent.html"/></extension><nameUrl value="ConceptMap-LivingWillToConsent.html"/><title value="LivingWillToConsent"/><generation value="generated"/></page><page><extension url="http://hl7.org/fhir/tools/StructureDefinition/ig-page-name"><valueUrl value="ConceptMap-PoaContractToConsent.html"/></extension><nameUrl value="ConceptMap-PoaContractToConsent.html"/><title value="PoaContractToConsent"/><generation value="generated"/></page><page><extension url="http://hl7.org/fhir/tools/StructureDefinition/ig-page-name"><valueUrl value="ConceptMap-PoaMentalHealthToConsent.html"/></extension><nameUrl value="ConceptMap-PoaMentalHealthToConsent.html"/><title value="PoaMentalHealthToConsent"/><generation value="generated"/></page><page><extension url="http://hl7.org/fhir/tools/StructureDefinition/ig-page-name"><valueUrl value="ConceptMap-PoaQuestinonaireToConsent.html"/></extension><nameUrl value="ConceptMap-PoaQuestinonaireToConsent.html"/><title value="PoaQuestinonaireToConsent"/><generation value="generated"/></page><page><extension url="http://hl7.org/fhir/tools/StructureDefinition/ig-page-name"><valueUrl value="ConceptMap-PolstToConsent.html"/></extension><nameUrl value="ConceptMap-PolstToConsent.html"/><title value="PolstToConsent"/><generation value="generated"/></page><page><extension url="http://hl7.org/fhir/tools/StructureDefinition/ig-page-name"><valueUrl value="Consent-ConsentAnonLoc.html"/></extension><nameUrl value="Consent-ConsentAnonLoc.html"/><title value="ConsentAnonLoc"/><generation value="generated"/></page><page><extension url="http://hl7.org/fhir/tools/StructureDefinition/ig-page-name"><valueUrl value="Consent-ConsentAnonOrg.html"/></extension><nameUrl value="Consent-ConsentAnonOrg.html"/><title value="ConsentAnonOrg"/><generation value="generated"/></page><page><extension url="http://hl7.org/fhir/tools/StructureDefinition/ig-page-name"><valueUrl value="Consent-ConsentAnonPrac.html"/></extension><nameUrl value="Consent-ConsentAnonPrac.html"/><title value="ConsentAnonPrac"/><generation value="generated"/></page><page><extension url="http://hl7.org/fhir/tools/StructureDefinition/ig-page-name"><valueUrl value="Consent-ConsentClinicianLoc.html"/></extension><nameUrl value="Consent-ConsentClinicianLoc.html"/><title value="ConsentClinicianLoc"/><generation value="generated"/></page><page><extension url="http://hl7.org/fhir/tools/StructureDefinition/ig-page-name"><valueUrl value="Consent-ConsentClinicianOrg.html"/></extension><nameUrl value="Consent-ConsentClinicianOrg.html"/><title value="ConsentClinicianOrg"/><generation value="generated"/></page><page><extension url="http://hl7.org/fhir/tools/StructureDefinition/ig-page-name"><valueUrl value="Questionnaire-fast-patient-privacy.html"/></extension><nameUrl value="Questionnaire-fast-patient-privacy.html"/><title value="fast-patient-privacy"/><generation value="generated"/></page><page><extension url="http://hl7.org/fhir/tools/StructureDefinition/ig-page-name"><valueUrl value="Questionnaire-leap-dnr.html"/></extension><nameUrl value="Questionnaire-leap-dnr.html"/><title value="leap-dnr"/><generation value="generated"/></page><page><extension url="http://hl7.org/fhir/tools/StructureDefinition/ig-page-name"><valueUrl value="Questionnaire-leap-livingwill.html"/></extension><nameUrl value="Questionnaire-leap-livingwill.html"/><title value="leap-livingwill"/><generation value="generated"/></page><page><extension url="http://hl7.org/fhir/tools/StructureDefinition/ig-page-name"><valueUrl value="Questionnaire-leap-patient-privacy.html"/></extension><nameUrl value="Questionnaire-leap-patient-privacy.html"/><title value="leap-patient-privacy"/><generation value="generated"/></page><page><extension url="http://hl7.org/fhir/tools/StructureDefinition/ig-page-name"><valueUrl value="Questionnaire-leap-poahealthcare.html"/></extension><nameUrl value="Questionnaire-leap-poahealthcare.html"/><title value="leap-poahealthcare"/><generation value="generated"/></page><page><extension url="http://hl7.org/fhir/tools/StructureDefinition/ig-page-name"><valueUrl value="Questionnaire-leap-poamentalhealth.html"/></extension><nameUrl value="Questionnaire-leap-poamentalhealth.html"/><title value="leap-poamentalhealth"/><generation value="generated"/></page><page><extension url="http://hl7.org/fhir/tools/StructureDefinition/ig-page-name"><valueUrl value="Questionnaire-leap-polst.html"/></extension><nameUrl value="Questionnaire-leap-polst.html"/><title value="leap-polst"/><generation value="generated"/></page><page><extension url="http://hl7.org/fhir/tools/StructureDefinition/ig-page-name"><valueUrl value="Patient-patient-jane-doe.html"/></extension><nameUrl value="Patient-patient-jane-doe.html"/><title value="patient-jane-doe"/><generation value="generated"/></page><page><extension url="http://hl7.org/fhir/tools/StructureDefinition/ig-page-name"><valueUrl value="Patient-patient-jennifer-smith.html"/></extension><nameUrl value="Patient-patient-jennifer-smith.html"/><title value="patient-jennifer-smith"/><generation value="generated"/></page><page><extension url="http://hl7.org/fhir/tools/StructureDefinition/ig-page-name"><valueUrl value="Patient-patient-john-smith.html"/></extension><nameUrl value="Patient-patient-john-smith.html"/><title value="patient-john-smith"/><generation value="generated"/></page><page><extension url="http://hl7.org/fhir/tools/StructureDefinition/ig-page-name"><valueUrl value="Patient-patient-katie-klepti.html"/></extension><nameUrl value="Patient-patient-katie-klepti.html"/><title value="patient-katie-klepti"/><generation value="generated"/></page><page><extension url="http://hl7.org/fhir/tools/StructureDefinition/ig-page-name"><valueUrl value="Practitioner-practitioner-alison-camron.html"/></extension><nameUrl value="Practitioner-practitioner-alison-camron.html"/><title value="practitioner-alison-camron"/><generation value="generated"/></page><page><extension url="http://hl7.org/fhir/tools/StructureDefinition/ig-page-name"><valueUrl value="Practitioner-practitioner-susan-social.html"/></extension><nameUrl value="Practitioner-practitioner-susan-social.html"/><title value="practitioner-susan-social"/><generation value="generated"/></page><page><extension url="http://hl7.org/fhir/tools/StructureDefinition/ig-page-name"><valueUrl value="Organization-stdymphnas.html"/></extension><nameUrl value="Organization-stdymphnas.html"/><title value="Org-StDymphnas"/><generation value="generated"/></page><page><extension url="http://hl7.org/fhir/tools/StructureDefinition/ig-page-name"><valueUrl value="Organization-stjames.html"/></extension><nameUrl value="Organization-stjames.html"/><title value="Org-StJames"/><generation value="generated"/></page></page></page><parameter><code value="path-resource"/><value value="input/capabilities"/></parameter><parameter><code value="path-resource"/><value value="input/examples"/></parameter><parameter><code value="path-resource"/><value value="input/extensions"/></parameter><parameter><code value="path-resource"/><value value="input/models"/></parameter><parameter><code value="path-resource"/><value value="input/operations"/></parameter><parameter><code value="path-resource"/><value value="input/profiles"/></parameter><parameter><code value="path-resource"/><value value="input/resources"/></parameter><parameter><code value="path-resource"/><value value="input/vocabulary"/></parameter><parameter><code value="path-resource"/><value value="input/maps"/></parameter><parameter><code value="path-resource"/><value value="input/testing"/></parameter><parameter><code value="path-resource"/><value value="input/history"/></parameter><parameter><code value="path-resource"/><value value="fsh-generated/resources"/></parameter><parameter><code value="path-pages"/><value value="template/config"/></parameter><parameter><code value="path-pages"/><value value="input/images"/></parameter><parameter><code value="path-tx-cache"/><value value="input-cache/txcache"/></parameter></definition></ImplementationGuide>