<?xml version="1.0" encoding="UTF-8"?><ImplementationGuide xmlns="http://hl7.org/fhir"><id value="mitre.fast.access-control"/><text><status value="extensions"/><div xmlns="http://www.w3.org/1999/xhtml"><h2>FastAccessControl</h2><p>The official URL for this implementation guide is: </p><pre>https://gitlab.mitre.org/awatson/fast-access-control/ImplementationGuide/mitre.fast.access-control</pre></div></text><url value="https://gitlab.mitre.org/awatson/fast-access-control/ImplementationGuide/mitre.fast.access-control"/><version value="0.2.1"/><name value="FastAccessControl"/><status value="draft"/><date value="2023-08-09T02:35:23-05:00"/><publisher value="MITRE"/><contact><name value="MITRE"/><telecom><system value="url"/><value value="https://www.mitre.org"/></telecom></contact><packageId value="mitre.fast.access-control"/><license value="CC0-1.0"/><fhirVersion value="4.0.1"/><dependsOn id="hl7tx"><extension url="http://hl7.org/fhir/tools/StructureDefinition/implementationguide-dependency-comment"><valueMarkdown value="Automatically added as a dependency - all IGs depend on HL7 Terminology"/></extension><uri value="http://terminology.hl7.org/ImplementationGuide/hl7.terminology"/><packageId value="hl7.terminology.r4"/><version value="5.0.0"/></dependsOn><dependsOn id="hl7ext"><extension url="http://hl7.org/fhir/tools/StructureDefinition/implementationguide-dependency-comment"><valueMarkdown value="Automatically added as a dependency - all IGs depend on the HL7 Extension Pack"/></extension><uri value="http://hl7.org/fhir/extensions/ImplementationGuide/hl7.fhir.uv.extensions"/><packageId value="hl7.fhir.uv.extensions.r4"/><version value="1.0.0"/></dependsOn><definition><extension url="http://hl7.org/fhir/tools/StructureDefinition/ig-parameter"><extension url="code"><valueString value="copyrightyear"/></extension><extension url="value"><valueString value="2022+"/></extension></extension><extension url="http://hl7.org/fhir/tools/StructureDefinition/ig-parameter"><extension url="code"><valueString value="releaselabel"/></extension><extension url="value"><valueString value="ci-build"/></extension></extension><extension url="http://hl7.org/fhir/tools/StructureDefinition/ig-parameter"><extension url="code"><valueString value="autoload-resources"/></extension><extension url="value"><valueString value="true"/></extension></extension><extension url="http://hl7.org/fhir/tools/StructureDefinition/ig-parameter"><extension url="code"><valueString value="path-liquid"/></extension><extension url="value"><valueString value="template/liquid"/></extension></extension><extension url="http://hl7.org/fhir/tools/StructureDefinition/ig-parameter"><extension url="code"><valueString value="path-liquid"/></extension><extension url="value"><valueString value="input/liquid"/></extension></extension><extension url="http://hl7.org/fhir/tools/StructureDefinition/ig-parameter"><extension url="code"><valueString value="path-qa"/></extension><extension url="value"><valueString value="temp/qa"/></extension></extension><extension url="http://hl7.org/fhir/tools/StructureDefinition/ig-parameter"><extension url="code"><valueString value="path-temp"/></extension><extension url="value"><valueString value="temp/pages"/></extension></extension><extension url="http://hl7.org/fhir/tools/StructureDefinition/ig-parameter"><extension url="code"><valueString value="path-output"/></extension><extension url="value"><valueString value="output"/></extension></extension><extension url="http://hl7.org/fhir/tools/StructureDefinition/ig-parameter"><extension url="code"><valueString value="path-suppressed-warnings"/></extension><extension url="value"><valueString value="input/ignoreWarnings.txt"/></extension></extension><extension url="http://hl7.org/fhir/tools/StructureDefinition/ig-parameter"><extension url="code"><valueString value="path-history"/></extension><extension url="value"><valueString value="https://gitlab.mitre.org/awatson/fast-access-control/history.html"/></extension></extension><extension url="http://hl7.org/fhir/tools/StructureDefinition/ig-parameter"><extension url="code"><valueString value="template-html"/></extension><extension url="value"><valueString value="template-page.html"/></extension></extension><extension url="http://hl7.org/fhir/tools/StructureDefinition/ig-parameter"><extension url="code"><valueString value="template-md"/></extension><extension url="value"><valueString value="template-page-md.html"/></extension></extension><extension url="http://hl7.org/fhir/tools/StructureDefinition/ig-parameter"><extension url="code"><valueString value="apply-contact"/></extension><extension url="value"><valueString value="true"/></extension></extension><extension url="http://hl7.org/fhir/tools/StructureDefinition/ig-parameter"><extension url="code"><valueString value="apply-context"/></extension><extension url="value"><valueString value="true"/></extension></extension><extension url="http://hl7.org/fhir/tools/StructureDefinition/ig-parameter"><extension url="code"><valueString value="apply-copyright"/></extension><extension url="value"><valueString value="true"/></extension></extension><extension url="http://hl7.org/fhir/tools/StructureDefinition/ig-parameter"><extension url="code"><valueString value="apply-jurisdiction"/></extension><extension url="value"><valueString value="true"/></extension></extension><extension url="http://hl7.org/fhir/tools/StructureDefinition/ig-parameter"><extension url="code"><valueString value="apply-license"/></extension><extension url="value"><valueString value="true"/></extension></extension><extension url="http://hl7.org/fhir/tools/StructureDefinition/ig-parameter"><extension url="code"><valueString value="apply-publisher"/></extension><extension url="value"><valueString value="true"/></extension></extension><extension url="http://hl7.org/fhir/tools/StructureDefinition/ig-parameter"><extension url="code"><valueString value="apply-version"/></extension><extension url="value"><valueString value="true"/></extension></extension><extension url="http://hl7.org/fhir/tools/StructureDefinition/ig-parameter"><extension url="code"><valueString value="active-tables"/></extension><extension url="value"><valueString value="true"/></extension></extension><extension url="http://hl7.org/fhir/tools/StructureDefinition/ig-parameter"><extension url="code"><valueString value="fmm-definition"/></extension><extension url="value"><valueString value="http://hl7.org/fhir/versions.html#maturity"/></extension></extension><extension url="http://hl7.org/fhir/tools/StructureDefinition/ig-parameter"><extension url="code"><valueString value="propagate-status"/></extension><extension url="value"><valueString value="true"/></extension></extension><extension url="http://hl7.org/fhir/tools/StructureDefinition/ig-parameter"><extension url="code"><valueString value="excludelogbinaryformat"/></extension><extension url="value"><valueString value="true"/></extension></extension><extension url="http://hl7.org/fhir/tools/StructureDefinition/ig-parameter"><extension url="code"><valueString value="tabbed-snapshots"/></extension><extension url="value"><valueString value="true"/></extension></extension><extension url="http://hl7.org/fhir/tools/StructureDefinition/ig-internal-dependency"><valueCode value="hl7.fhir.uv.tools#current"/></extension><extension url="http://hl7.org/fhir/tools/StructureDefinition/ig-parameter"><extension url="code"><valueCode value="copyrightyear"/></extension><extension url="value"><valueString value="2022+"/></extension></extension><extension url="http://hl7.org/fhir/tools/StructureDefinition/ig-parameter"><extension url="code"><valueCode value="releaselabel"/></extension><extension url="value"><valueString value="ci-build"/></extension></extension><extension url="http://hl7.org/fhir/tools/StructureDefinition/ig-parameter"><extension url="code"><valueCode value="autoload-resources"/></extension><extension url="value"><valueString value="true"/></extension></extension><extension url="http://hl7.org/fhir/tools/StructureDefinition/ig-parameter"><extension url="code"><valueCode value="path-liquid"/></extension><extension url="value"><valueString value="template/liquid"/></extension></extension><extension url="http://hl7.org/fhir/tools/StructureDefinition/ig-parameter"><extension url="code"><valueCode value="path-liquid"/></extension><extension url="value"><valueString value="input/liquid"/></extension></extension><extension url="http://hl7.org/fhir/tools/StructureDefinition/ig-parameter"><extension url="code"><valueCode value="path-qa"/></extension><extension url="value"><valueString value="temp/qa"/></extension></extension><extension url="http://hl7.org/fhir/tools/StructureDefinition/ig-parameter"><extension url="code"><valueCode value="path-temp"/></extension><extension url="value"><valueString value="temp/pages"/></extension></extension><extension url="http://hl7.org/fhir/tools/StructureDefinition/ig-parameter"><extension url="code"><valueCode value="path-output"/></extension><extension url="value"><valueString value="output"/></extension></extension><extension url="http://hl7.org/fhir/tools/StructureDefinition/ig-parameter"><extension url="code"><valueCode value="path-suppressed-warnings"/></extension><extension url="value"><valueString value="input/ignoreWarnings.txt"/></extension></extension><extension url="http://hl7.org/fhir/tools/StructureDefinition/ig-parameter"><extension url="code"><valueCode value="path-history"/></extension><extension url="value"><valueString value="https://gitlab.mitre.org/awatson/fast-access-control/history.html"/></extension></extension><extension url="http://hl7.org/fhir/tools/StructureDefinition/ig-parameter"><extension url="code"><valueCode value="template-html"/></extension><extension url="value"><valueString value="template-page.html"/></extension></extension><extension url="http://hl7.org/fhir/tools/StructureDefinition/ig-parameter"><extension url="code"><valueCode value="template-md"/></extension><extension url="value"><valueString value="template-page-md.html"/></extension></extension><extension url="http://hl7.org/fhir/tools/StructureDefinition/ig-parameter"><extension url="code"><valueCode value="apply-contact"/></extension><extension url="value"><valueString value="true"/></extension></extension><extension url="http://hl7.org/fhir/tools/StructureDefinition/ig-parameter"><extension url="code"><valueCode value="apply-context"/></extension><extension url="value"><valueString value="true"/></extension></extension><extension url="http://hl7.org/fhir/tools/StructureDefinition/ig-parameter"><extension url="code"><valueCode value="apply-copyright"/></extension><extension url="value"><valueString value="true"/></extension></extension><extension url="http://hl7.org/fhir/tools/StructureDefinition/ig-parameter"><extension url="code"><valueCode value="apply-jurisdiction"/></extension><extension url="value"><valueString value="true"/></extension></extension><extension url="http://hl7.org/fhir/tools/StructureDefinition/ig-parameter"><extension url="code"><valueCode value="apply-license"/></extension><extension url="value"><valueString value="true"/></extension></extension><extension url="http://hl7.org/fhir/tools/StructureDefinition/ig-parameter"><extension url="code"><valueCode value="apply-publisher"/></extension><extension url="value"><valueString value="true"/></extension></extension><extension url="http://hl7.org/fhir/tools/StructureDefinition/ig-parameter"><extension url="code"><valueCode value="apply-version"/></extension><extension url="value"><valueString value="true"/></extension></extension><extension url="http://hl7.org/fhir/tools/StructureDefinition/ig-parameter"><extension url="code"><valueCode value="active-tables"/></extension><extension url="value"><valueString value="true"/></extension></extension><extension url="http://hl7.org/fhir/tools/StructureDefinition/ig-parameter"><extension url="code"><valueCode value="fmm-definition"/></extension><extension url="value"><valueString value="http://hl7.org/fhir/versions.html#maturity"/></extension></extension><extension url="http://hl7.org/fhir/tools/StructureDefinition/ig-parameter"><extension url="code"><valueCode value="propagate-status"/></extension><extension url="value"><valueString value="true"/></extension></extension><extension url="http://hl7.org/fhir/tools/StructureDefinition/ig-parameter"><extension url="code"><valueCode value="excludelogbinaryformat"/></extension><extension url="value"><valueString value="true"/></extension></extension><extension url="http://hl7.org/fhir/tools/StructureDefinition/ig-parameter"><extension url="code"><valueCode value="tabbed-snapshots"/></extension><extension url="value"><valueString value="true"/></extension></extension><extension url="http://hl7.org/fhir/tools/StructureDefinition/ig-parameter"><extension url="code"><valueCode value="copyrightyear"/></extension><extension url="value"><valueString value="2022+"/></extension></extension><extension url="http://hl7.org/fhir/tools/StructureDefinition/ig-parameter"><extension url="code"><valueCode value="releaselabel"/></extension><extension url="value"><valueString value="ci-build"/></extension></extension><extension url="http://hl7.org/fhir/tools/StructureDefinition/ig-parameter"><extension url="code"><valueCode value="autoload-resources"/></extension><extension url="value"><valueString value="true"/></extension></extension><extension url="http://hl7.org/fhir/tools/StructureDefinition/ig-parameter"><extension url="code"><valueCode value="path-liquid"/></extension><extension url="value"><valueString value="template/liquid"/></extension></extension><extension url="http://hl7.org/fhir/tools/StructureDefinition/ig-parameter"><extension url="code"><valueCode value="path-liquid"/></extension><extension url="value"><valueString value="input/liquid"/></extension></extension><extension url="http://hl7.org/fhir/tools/StructureDefinition/ig-parameter"><extension url="code"><valueCode value="path-qa"/></extension><extension url="value"><valueString value="temp/qa"/></extension></extension><extension url="http://hl7.org/fhir/tools/StructureDefinition/ig-parameter"><extension url="code"><valueCode value="path-temp"/></extension><extension url="value"><valueString value="temp/pages"/></extension></extension><extension url="http://hl7.org/fhir/tools/StructureDefinition/ig-parameter"><extension url="code"><valueCode value="path-output"/></extension><extension url="value"><valueString value="output"/></extension></extension><extension url="http://hl7.org/fhir/tools/StructureDefinition/ig-parameter"><extension url="code"><valueCode value="path-suppressed-warnings"/></extension><extension url="value"><valueString value="input/ignoreWarnings.txt"/></extension></extension><extension url="http://hl7.org/fhir/tools/StructureDefinition/ig-parameter"><extension url="code"><valueCode value="path-history"/></extension><extension url="value"><valueString value="https://gitlab.mitre.org/awatson/fast-access-control/history.html"/></extension></extension><extension url="http://hl7.org/fhir/tools/StructureDefinition/ig-parameter"><extension url="code"><valueCode value="template-html"/></extension><extension url="value"><valueString value="template-page.html"/></extension></extension><extension url="http://hl7.org/fhir/tools/StructureDefinition/ig-parameter"><extension url="code"><valueCode value="template-md"/></extension><extension url="value"><valueString value="template-page-md.html"/></extension></extension><extension url="http://hl7.org/fhir/tools/StructureDefinition/ig-parameter"><extension url="code"><valueCode value="apply-contact"/></extension><extension url="value"><valueString value="true"/></extension></extension><extension url="http://hl7.org/fhir/tools/StructureDefinition/ig-parameter"><extension url="code"><valueCode value="apply-context"/></extension><extension url="value"><valueString value="true"/></extension></extension><extension url="http://hl7.org/fhir/tools/StructureDefinition/ig-parameter"><extension url="code"><valueCode value="apply-copyright"/></extension><extension url="value"><valueString value="true"/></extension></extension><extension url="http://hl7.org/fhir/tools/StructureDefinition/ig-parameter"><extension url="code"><valueCode value="apply-jurisdiction"/></extension><extension url="value"><valueString value="true"/></extension></extension><extension url="http://hl7.org/fhir/tools/StructureDefinition/ig-parameter"><extension url="code"><valueCode value="apply-license"/></extension><extension url="value"><valueString value="true"/></extension></extension><extension url="http://hl7.org/fhir/tools/StructureDefinition/ig-parameter"><extension url="code"><valueCode value="apply-publisher"/></extension><extension url="value"><valueString value="true"/></extension></extension><extension url="http://hl7.org/fhir/tools/StructureDefinition/ig-parameter"><extension url="code"><valueCode value="apply-version"/></extension><extension url="value"><valueString value="true"/></extension></extension><extension url="http://hl7.org/fhir/tools/StructureDefinition/ig-parameter"><extension url="code"><valueCode value="active-tables"/></extension><extension url="value"><valueString value="true"/></extension></extension><extension url="http://hl7.org/fhir/tools/StructureDefinition/ig-parameter"><extension url="code"><valueCode value="fmm-definition"/></extension><extension url="value"><valueString value="http://hl7.org/fhir/versions.html#maturity"/></extension></extension><extension url="http://hl7.org/fhir/tools/StructureDefinition/ig-parameter"><extension url="code"><valueCode value="propagate-status"/></extension><extension url="value"><valueString value="true"/></extension></extension><extension url="http://hl7.org/fhir/tools/StructureDefinition/ig-parameter"><extension url="code"><valueCode value="excludelogbinaryformat"/></extension><extension url="value"><valueString value="true"/></extension></extension><extension url="http://hl7.org/fhir/tools/StructureDefinition/ig-parameter"><extension url="code"><valueCode value="tabbed-snapshots"/></extension><extension url="value"><valueString value="true"/></extension></extension><grouping id="-dyn-capabilitystatement"><name value="Behavior: Capability Statements"/><description value="The following artifacts define the specific capabilities that different types of systems are expected to have in order to comply with this implementation guide.  Systems conforming to this implementation guide are expected to declare conformance to one or more of the following capability statements."/></grouping><grouping id="-dyn-operationdefinition"><name value="Behavior: Operation Definitions"/><description value="These are custom operations that can be supported by and/or invoked by systems conforming to this implementation guide."/></grouping><grouping id="-str-logicalmodel"><name value="Structures: Logical Models"/><description value="These define data models that represent the domain covered by this implementation guide in more business-friendly terms than the underlying FHIR resources."/></grouping><grouping id="-str-profile"><name value="Structures: Resource Profiles"/><description value="These define constraints on FHIR resources for systems conforming to this implementation guide."/></grouping><grouping id="-term-valueset"><name value="Terminology: Value Sets"/><description value="These define sets of codes used by systems conforming to this implementation guide."/></grouping><grouping id="-term-codesystem"><name value="Terminology: Code Systems"/><description value="These define new code systems used by systems conforming to this implementation guide."/></grouping><grouping id="-map-structuremap"><name value="Terminology: Structure Maps"/><description value="These define transformations to convert between data structures used by systems conforming to this implementation guide."/></grouping><grouping id="-ex-example"><name value="Example: Example Instances"/><description value="These are example instances that show what data produced and consumed by systems conforming with this implementation guide might look like."/></grouping><grouping id="-other"><name value="Other"/><description value="These are resources that are used within this implementation guide that do not fit into one of the other categories."/></grouping><resource><extension url="http://hl7.org/fhir/tools/StructureDefinition/resource-sort"><valueInteger value="999999999"/></extension><extension url="http://hl7.org/fhir/StructureDefinition/implementationguide-page"><valueUri value="CapabilityStatement-AccessControlRequirements.html"/></extension><reference><reference value="CapabilityStatement/AccessControlRequirements"/></reference><name value="AccessControlRequirements"/><description value="Access Control Capability Statement"/><exampleBoolean value="false"/><groupingId value="-dyn-capabilitystatement"/></resource><resource><extension url="http://hl7.org/fhir/tools/StructureDefinition/resource-sort"><valueInteger value="999999999"/></extension><extension url="http://hl7.org/fhir/StructureDefinition/implementationguide-page"><valueUri value="OperationDefinition-canAccess.html"/></extension><reference><reference value="OperationDefinition/canAccess"/></reference><name value="canAccess"/><description value="Determine if a user can access a particular record"/><exampleBoolean value="false"/><groupingId value="-dyn-operationdefinition"/></resource><resource><extension url="http://hl7.org/fhir/tools/StructureDefinition/resource-sort"><valueInteger value="999999999"/></extension><extension url="http://hl7.org/fhir/StructureDefinition/implementationguide-page"><valueUri value="OperationDefinition-diff.html"/></extension><reference><reference value="OperationDefinition/diff"/></reference><name value="diff"/><description value="Determine differential between two Consent records"/><exampleBoolean value="false"/><groupingId value="-dyn-operationdefinition"/></resource><resource><extension url="http://hl7.org/fhir/tools/StructureDefinition/resource-sort"><valueInteger value="999999999"/></extension><extension url="http://hl7.org/fhir/StructureDefinition/implementationguide-page"><valueUri value="OperationDefinition-digest.html"/></extension><reference><reference value="OperationDefinition/digest"/></reference><name value="digest"/><description value="Input a Bundle which contains list of 1 or more Consent records; Returns a flattened Consent that has merged the records"/><exampleBoolean value="false"/><groupingId value="-dyn-operationdefinition"/></resource><resource><extension url="http://hl7.org/fhir/tools/StructureDefinition/resource-sort"><valueInteger value="999999999"/></extension><extension url="http://hl7.org/fhir/StructureDefinition/implementationguide-page"><valueUri value="OperationDefinition-equals.html"/></extension><reference><reference value="OperationDefinition/equals"/></reference><name value="equals"/><description value="Determines if two Consent records are equal"/><exampleBoolean value="false"/><groupingId value="-dyn-operationdefinition"/></resource><resource><extension url="http://hl7.org/fhir/tools/StructureDefinition/resource-sort"><valueInteger value="999999999"/></extension><extension url="http://hl7.org/fhir/StructureDefinition/implementationguide-page"><valueUri value="OperationDefinition-oauthScopes.html"/></extension><reference><reference value="OperationDefinition/oauthScopes"/></reference><name value="oauthScopes"/><description value="Return a list of OAuth scopes"/><exampleBoolean value="false"/><groupingId value="-dyn-operationdefinition"/></resource><resource><extension url="http://hl7.org/fhir/tools/StructureDefinition/resource-sort"><valueInteger value="999999999"/></extension><extension url="http://hl7.org/fhir/StructureDefinition/implementationguide-page"><valueUri value="OperationDefinition-parseToBundle.html"/></extension><reference><reference value="OperationDefinition/parseToBundle"/></reference><name value="parseToBundle"/><description value="Rollup multiple Consent records into a Bundle"/><exampleBoolean value="false"/><groupingId value="-dyn-operationdefinition"/></resource><resource><extension url="http://hl7.org/fhir/tools/StructureDefinition/resource-sort"><valueInteger value="999999999"/></extension><extension url="http://hl7.org/fhir/StructureDefinition/implementationguide-page"><valueUri value="OperationDefinition-rollup.html"/></extension><reference><reference value="OperationDefinition/rollup"/></reference><name value="rollup"/><description value="Rollup multiple Consent records into a Bundle"/><exampleBoolean value="false"/><groupingId value="-dyn-operationdefinition"/></resource><resource><extension url="http://hl7.org/fhir/tools/StructureDefinition/resource-sort"><valueInteger value="999999999"/></extension><extension url="http://hl7.org/fhir/StructureDefinition/implementationguide-page"><valueUri value="OperationDefinition-toAcl.html"/></extension><reference><reference value="OperationDefinition/toAcl"/></reference><name value="toAcl"/><description value="Return the access control list for a user."/><exampleBoolean value="false"/><groupingId value="-dyn-operationdefinition"/></resource><resource><extension url="http://hl7.org/fhir/tools/StructureDefinition/resource-sort"><valueInteger value="999999999"/></extension><extension url="http://hl7.org/fhir/StructureDefinition/implementationguide-page"><valueUri value="StructureDefinition-OAuthAuthenticationRequest.html"/></extension><reference><reference value="StructureDefinition/OAuthAuthenticationRequest"/></reference><name value="OAuth Authentication Request"/><description value="This structure defines an OAuth authentication response body"/><exampleBoolean value="false"/><groupingId value="-str-logicalmodel"/></resource><resource><extension url="http://hl7.org/fhir/tools/StructureDefinition/resource-sort"><valueInteger value="999999999"/></extension><extension url="http://hl7.org/fhir/StructureDefinition/implementationguide-page"><valueUri value="StructureDefinition-OAuthAuthenticationResponse.html"/></extension><reference><reference value="StructureDefinition/OAuthAuthenticationResponse"/></reference><name value="OAuth Authentication Response"/><description value="This structure defines an OAuth authentication response body"/><exampleBoolean value="false"/><groupingId value="-str-logicalmodel"/></resource><resource><extension url="http://hl7.org/fhir/tools/StructureDefinition/resource-sort"><valueInteger value="999999999"/></extension><extension url="http://hl7.org/fhir/StructureDefinition/implementationguide-page"><valueUri value="StructureDefinition-OAuthRegistrationRequest.html"/></extension><reference><reference value="StructureDefinition/OAuthRegistrationRequest"/></reference><name value="OAuth Registration Request"/><description value="This structure defines an OAuth registration request body"/><exampleBoolean value="false"/><groupingId value="-str-logicalmodel"/></resource><resource><extension url="http://hl7.org/fhir/tools/StructureDefinition/resource-sort"><valueInteger value="999999999"/></extension><extension url="http://hl7.org/fhir/StructureDefinition/implementationguide-page"><valueUri value="StructureDefinition-OAuthRegistrationResponse.html"/></extension><reference><reference value="StructureDefinition/OAuthRegistrationResponse"/></reference><name value="OAuth Registration Response"/><description value="This structure defines an OAuth registration response body"/><exampleBoolean value="false"/><groupingId value="-str-logicalmodel"/></resource><resource><extension url="http://hl7.org/fhir/tools/StructureDefinition/resource-sort"><valueInteger value="999999999"/></extension><extension url="http://hl7.org/fhir/StructureDefinition/implementationguide-page"><valueUri value="StructureDefinition-OAuthTokenResponse.html"/></extension><reference><reference value="StructureDefinition/OAuthTokenResponse"/></reference><name value="OAuth Token Response"/><description value="This structure defines an OAuth token response body"/><exampleBoolean value="false"/><groupingId value="-str-logicalmodel"/></resource><resource><extension url="http://hl7.org/fhir/tools/StructureDefinition/resource-sort"><valueInteger value="999999999"/></extension><extension url="http://hl7.org/fhir/StructureDefinition/implementationguide-page"><valueUri value="StructureDefinition-ConsentToAcces.html"/></extension><reference><reference value="StructureDefinition/ConsentToAcces"/></reference><name value="AccessControlConsent"/><description value="Restriction on use/release of exchanged information"/><exampleBoolean value="false"/><groupingId value="-str-profile"/></resource><resource><extension url="http://hl7.org/fhir/tools/StructureDefinition/resource-sort"><valueInteger value="999999999"/></extension><extension url="http://hl7.org/fhir/StructureDefinition/implementationguide-page"><valueUri value="ValueSet-consent-exchange-category-codes.html"/></extension><reference><reference value="ValueSet/consent-exchange-category-codes"/></reference><name value="ConsentExchangeCategoryCodes"/><description value="Consent Exchange - Category Codes"/><exampleBoolean value="false"/><groupingId value="-term-valueset"/></resource><resource><extension url="http://hl7.org/fhir/tools/StructureDefinition/resource-sort"><valueInteger value="999999999"/></extension><extension url="http://hl7.org/fhir/StructureDefinition/implementationguide-page"><valueUri value="ValueSet-ConsentExchangePolicies.html"/></extension><reference><reference value="ValueSet/ConsentExchangePolicies"/></reference><name value="ConsentExchangePolicies"/><description value="Consent Exchange - Policies"/><exampleBoolean value="false"/><groupingId value="-term-valueset"/></resource><resource><extension url="http://hl7.org/fhir/tools/StructureDefinition/resource-sort"><valueInteger value="999999999"/></extension><extension url="http://hl7.org/fhir/StructureDefinition/implementationguide-page"><valueUri value="ValueSet-ConsentExchangeRelations.html"/></extension><reference><reference value="ValueSet/ConsentExchangeRelations"/></reference><name value="ConsentExchangeRelations"/><description value="Consent Exchange - Relationships"/><exampleBoolean value="false"/><groupingId value="-term-valueset"/></resource><resource><extension url="http://hl7.org/fhir/tools/StructureDefinition/resource-sort"><valueInteger value="999999999"/></extension><extension url="http://hl7.org/fhir/StructureDefinition/implementationguide-page"><valueUri value="ValueSet-consent-exchange-scope-codes.html"/></extension><reference><reference value="ValueSet/consent-exchange-scope-codes"/></reference><name value="ConsentExchangeScopeCodes"/><description value="Consent Exchange - Scope Codes"/><exampleBoolean value="false"/><groupingId value="-term-valueset"/></resource><resource><extension url="http://hl7.org/fhir/tools/StructureDefinition/resource-sort"><valueInteger value="999999999"/></extension><extension url="http://hl7.org/fhir/StructureDefinition/implementationguide-page"><valueUri value="CodeSystem-CmsInteroperabilityPolicyCodes.html"/></extension><reference><reference value="CodeSystem/CmsInteroperabilityPolicyCodes"/></reference><name value="CmsInteroperabilityPolicyCodes"/><description value="Policy provisions defined under CMS-9115-F, CMS Interoperability and Patient Access final rule"/><exampleBoolean value="false"/><groupingId value="-term-codesystem"/></resource><resource><extension url="http://hl7.org/fhir/tools/StructureDefinition/resource-sort"><valueInteger value="999999999"/></extension><extension url="http://hl7.org/fhir/StructureDefinition/implementationguide-page"><valueUri value="CodeSystem-ConsentExchangeRelationships.html"/></extension><reference><reference value="CodeSystem/ConsentExchangeRelationships"/></reference><name value="ConsentExchangeRelationships"/><description value="Relationships used to model and exchange consent relationships"/><exampleBoolean value="false"/><groupingId value="-term-codesystem"/></resource><resource><extension url="http://hl7.org/fhir/tools/StructureDefinition/resource-sort"><valueInteger value="999999999"/></extension><extension url="http://hl7.org/fhir/StructureDefinition/implementationguide-page"><valueUri value="CodeSystem-PayorToPayorExchangePolicyCodes.html"/></extension><reference><reference value="CodeSystem/PayorToPayorExchangePolicyCodes"/></reference><name value="PayorToPayorExchangePolicyCodes"/><description value="Policy codes used to define legal frameworks under which consent exchange occurs between payors."/><exampleBoolean value="false"/><groupingId value="-term-codesystem"/></resource><resource><extension url="http://hl7.org/fhir/tools/StructureDefinition/resource-sort"><valueInteger value="999999999"/></extension><extension url="http://hl7.org/fhir/StructureDefinition/implementationguide-page"><valueUri value="StructureMap-DnrToConsent.html"/></extension><reference><reference value="StructureMap/DnrToConsent"/></reference><name value="DnrToConsent"/><description value="Do Not Recussitate questionnaire to Consent record"/><exampleBoolean value="false"/><groupingId value="-map-structuremap"/></resource><resource><extension url="http://hl7.org/fhir/tools/StructureDefinition/resource-sort"><valueInteger value="999999999"/></extension><extension url="http://hl7.org/fhir/StructureDefinition/implementationguide-page"><valueUri value="StructureMap-FirstNameToGiven.html"/></extension><reference><reference value="StructureMap/FirstNameToGiven"/></reference><name value="FirstNameToGiven"/><description value="First name to given name"/><exampleBoolean value="false"/><groupingId value="-map-structuremap"/></resource><resource><extension url="http://hl7.org/fhir/tools/StructureDefinition/resource-sort"><valueInteger value="999999999"/></extension><extension url="http://hl7.org/fhir/StructureDefinition/implementationguide-page"><valueUri value="StructureMap-HipaaPrivacyToConsent.html"/></extension><reference><reference value="StructureMap/HipaaPrivacyToConsent"/></reference><name value="HipaaPrivacyToConsent"/><description value="HIPAA Privacy questionnaire to Consent record"/><exampleBoolean value="false"/><groupingId value="-map-structuremap"/></resource><resource><extension url="http://hl7.org/fhir/tools/StructureDefinition/resource-sort"><valueInteger value="999999999"/></extension><extension url="http://hl7.org/fhir/StructureDefinition/implementationguide-page"><valueUri value="StructureMap-LastNameToFamily.html"/></extension><reference><reference value="StructureMap/LastNameToFamily"/></reference><name value="LastNameToFamily"/><description value="Last name to family name"/><exampleBoolean value="false"/><groupingId value="-map-structuremap"/></resource><resource><extension url="http://hl7.org/fhir/tools/StructureDefinition/resource-sort"><valueInteger value="999999999"/></extension><extension url="http://hl7.org/fhir/StructureDefinition/implementationguide-page"><valueUri value="StructureMap-LivingWillToConsent.html"/></extension><reference><reference value="StructureMap/LivingWillToConsent"/></reference><name value="LivingWillToConsent"/><description value="Living Will questionnaire to Consent record"/><exampleBoolean value="false"/><groupingId value="-map-structuremap"/></resource><resource><extension url="http://hl7.org/fhir/tools/StructureDefinition/resource-sort"><valueInteger value="999999999"/></extension><extension url="http://hl7.org/fhir/StructureDefinition/implementationguide-page"><valueUri value="StructureMap-PoaContractToConsent.html"/></extension><reference><reference value="StructureMap/PoaContractToConsent"/></reference><name value="PoaContractToConsent"/><description value="Power of Attorney contract to Consent record"/><exampleBoolean value="false"/><groupingId value="-map-structuremap"/></resource><resource><extension url="http://hl7.org/fhir/tools/StructureDefinition/resource-sort"><valueInteger value="999999999"/></extension><extension url="http://hl7.org/fhir/StructureDefinition/implementationguide-page"><valueUri value="StructureMap-PoaMentalHealthToConsent.html"/></extension><reference><reference value="StructureMap/PoaMentalHealthToConsent"/></reference><name value="PoaMentalHealthToConsent"/><description value="Power of Attorney Mental Health questionnaire to Consent record"/><exampleBoolean value="false"/><groupingId value="-map-structuremap"/></resource><resource><extension url="http://hl7.org/fhir/tools/StructureDefinition/resource-sort"><valueInteger value="999999999"/></extension><extension url="http://hl7.org/fhir/StructureDefinition/implementationguide-page"><valueUri value="StructureMap-PoaQuestinonaireToConsent.html"/></extension><reference><reference value="StructureMap/PoaQuestinonaireToConsent"/></reference><name value="PoaQuestinonaireToConsent"/><description value="Power of Attorney questionnaire to Consent record"/><exampleBoolean value="false"/><groupingId value="-map-structuremap"/></resource><resource><extension url="http://hl7.org/fhir/tools/StructureDefinition/resource-sort"><valueInteger value="999999999"/></extension><extension url="http://hl7.org/fhir/StructureDefinition/implementationguide-page"><valueUri value="StructureMap-PolstToConsent.html"/></extension><reference><reference value="StructureMap/PolstToConsent"/></reference><name value="PolstToConsent"/><description value="Physician Orders for Life Sustaining Treatment (POLST) to Consent record"/><exampleBoolean value="false"/><groupingId value="-map-structuremap"/></resource><resource><extension url="http://hl7.org/fhir/tools/StructureDefinition/resource-sort"><valueInteger value="999999999"/></extension><extension url="http://hl7.org/fhir/StructureDefinition/implementationguide-page"><valueUri value="Consent-ConsentAnonOrg.html"/></extension><reference><reference value="Consent/ConsentAnonOrg"/></reference><name value="ConsentAnonOrg"/><exampleBoolean value="true"/><groupingId value="-ex-example"/></resource><resource><extension url="http://hl7.org/fhir/tools/StructureDefinition/resource-sort"><valueInteger value="999999999"/></extension><extension url="http://hl7.org/fhir/StructureDefinition/implementationguide-page"><valueUri value="Consent-ConsentAnonPatient.html"/></extension><reference><reference value="Consent/ConsentAnonPatient"/></reference><name value="ConsentAnonPatient"/><exampleBoolean value="true"/><groupingId value="-ex-example"/></resource><resource><extension url="http://hl7.org/fhir/tools/StructureDefinition/resource-sort"><valueInteger value="999999999"/></extension><extension url="http://hl7.org/fhir/StructureDefinition/implementationguide-page"><valueUri value="Consent-ConsentAnonPractitioner.html"/></extension><reference><reference value="Consent/ConsentAnonPractitioner"/></reference><name value="ConsentAnonPractitioner"/><exampleBoolean value="true"/><groupingId value="-ex-example"/></resource><resource><extension url="http://hl7.org/fhir/tools/StructureDefinition/resource-sort"><valueInteger value="999999999"/></extension><extension url="http://hl7.org/fhir/StructureDefinition/implementationguide-page"><valueUri value="Consent-ConsentClinicianOrg.html"/></extension><reference><reference value="Consent/ConsentClinicianOrg"/></reference><name value="ConsentClinicianOrg"/><exampleBoolean value="true"/><groupingId value="-ex-example"/></resource><resource><extension url="http://hl7.org/fhir/tools/StructureDefinition/resource-sort"><valueInteger value="999999999"/></extension><extension url="http://hl7.org/fhir/StructureDefinition/implementationguide-page"><valueUri value="Consent-ConsentClinicianPatient.html"/></extension><reference><reference value="Consent/ConsentClinicianPatient"/></reference><name value="ConsentClinicianPatient"/><exampleBoolean value="true"/><groupingId value="-ex-example"/></resource><resource><extension url="http://hl7.org/fhir/tools/StructureDefinition/resource-sort"><valueInteger value="999999999"/></extension><extension url="http://hl7.org/fhir/StructureDefinition/implementationguide-page"><valueUri value="Consent-ConsentPatientOwner.html"/></extension><reference><reference value="Consent/ConsentPatientOwner"/></reference><name value="ConsentPatientOwner"/><exampleBoolean value="true"/><groupingId value="-ex-example"/></resource><resource><extension url="http://hl7.org/fhir/tools/StructureDefinition/resource-sort"><valueInteger value="999999999"/></extension><extension url="http://hl7.org/fhir/StructureDefinition/implementationguide-page"><valueUri value="Consent-ConsentSystemPatient.html"/></extension><reference><reference value="Consent/ConsentSystemPatient"/></reference><name value="ConsentSystemPatient"/><exampleBoolean value="true"/><groupingId value="-ex-example"/></resource><resource><extension url="http://hl7.org/fhir/tools/StructureDefinition/resource-sort"><valueInteger value="999999999"/></extension><extension url="http://hl7.org/fhir/StructureDefinition/implementationguide-page"><valueUri value="Basic-OAuthRegistrationRequest1.html"/></extension><reference><reference value="Basic/OAuthRegistrationRequest1"/></reference><name value="OAuthRegistrationRequest1"/><description value="OAuth Registration of Test Harness"/><exampleBoolean value="true"/><groupingId value="-ex-example"/></resource><resource><extension url="http://hl7.org/fhir/tools/StructureDefinition/resource-sort"><valueInteger value="999999999"/></extension><extension url="http://hl7.org/fhir/StructureDefinition/implementationguide-page"><valueUri value="Organization-stdymphnas.html"/></extension><reference><reference value="Organization/stdymphnas"/></reference><name value="Org-StDymphnas"/><description value="Organization - St. Dympha's Womens Shelter"/><exampleBoolean value="true"/><groupingId value="-ex-example"/></resource><resource><extension url="http://hl7.org/fhir/tools/StructureDefinition/resource-sort"><valueInteger value="999999999"/></extension><extension url="http://hl7.org/fhir/StructureDefinition/implementationguide-page"><valueUri value="Organization-stjames.html"/></extension><reference><reference value="Organization/stjames"/></reference><name value="Org-StJames"/><description value="Organization - St. Jame's Infirmary"/><exampleBoolean value="true"/><groupingId value="-ex-example"/></resource><resource><extension url="http://hl7.org/fhir/tools/StructureDefinition/resource-sort"><valueInteger value="999999999"/></extension><extension url="http://hl7.org/fhir/StructureDefinition/implementationguide-page"><valueUri value="TestScript-TestScript-gszMyXpwsdoAjJZeh.html"/></extension><reference><reference value="TestScript/TestScript-gszMyXpwsdoAjJZeh"/></reference><name value="SMART Client Registration"/><description value="R4 TestScript - SMART on FHIR Client Registration"/><exampleBoolean value="true"/><groupingId value="-ex-example"/></resource><resource><extension url="http://hl7.org/fhir/tools/StructureDefinition/resource-sort"><valueInteger value="999999999"/></extension><extension url="http://hl7.org/fhir/StructureDefinition/implementationguide-page"><valueUri value="TestScript-TestScript-Scenario1A.html"/></extension><reference><reference value="TestScript/TestScript-Scenario1A"/></reference><name value="Scenario 1A"/><description value="R4 TestScript - Directories with Anonymous Access (Work in Progress)"/><exampleBoolean value="true"/><groupingId value="-ex-example"/></resource><resource><extension url="http://hl7.org/fhir/tools/StructureDefinition/resource-sort"><valueInteger value="999999999"/></extension><extension url="http://hl7.org/fhir/StructureDefinition/implementationguide-page"><valueUri value="TestScript-TestScript-Scenario1B.html"/></extension><reference><reference value="TestScript/TestScript-Scenario1B"/></reference><name value="Scenario 1B"/><description value="R4 TestScript - Directories With Restricted Data (Work in Progress)"/><exampleBoolean value="true"/><groupingId value="-ex-example"/></resource><resource><extension url="http://hl7.org/fhir/tools/StructureDefinition/resource-sort"><valueInteger value="999999999"/></extension><extension url="http://hl7.org/fhir/StructureDefinition/implementationguide-page"><valueUri value="TestScript-TestScript-Scenario2A.html"/></extension><reference><reference value="TestScript/TestScript-Scenario2A"/></reference><name value="Scenario 2A"/><description value="R4 TestScript - PHI System - Anonymous Access (Work in Progress)"/><exampleBoolean value="true"/><groupingId value="-ex-example"/></resource><resource><extension url="http://hl7.org/fhir/tools/StructureDefinition/resource-sort"><valueInteger value="999999999"/></extension><extension url="http://hl7.org/fhir/StructureDefinition/implementationguide-page"><valueUri value="TestScript-TestScript-Scenario2B.html"/></extension><reference><reference value="TestScript/TestScript-Scenario2B"/></reference><name value="Scenario 2B"/><description value="R4 TestScript - PHI System - Patient Self Access (Work in Progress)"/><exampleBoolean value="true"/><groupingId value="-ex-example"/></resource><resource><extension url="http://hl7.org/fhir/tools/StructureDefinition/resource-sort"><valueInteger value="999999999"/></extension><extension url="http://hl7.org/fhir/StructureDefinition/implementationguide-page"><valueUri value="TestScript-TestScript-Scenario2C.html"/></extension><reference><reference value="TestScript/TestScript-Scenario2C"/></reference><name value="Scenario 2C"/><description value="R4 TestScript - PHI System - Patient Multi-User Access (Work in Progress)"/><exampleBoolean value="true"/><groupingId value="-ex-example"/></resource><resource><extension url="http://hl7.org/fhir/tools/StructureDefinition/resource-sort"><valueInteger value="999999999"/></extension><extension url="http://hl7.org/fhir/StructureDefinition/implementationguide-page"><valueUri value="TestScript-TestScript-Scenario2D.html"/></extension><reference><reference value="TestScript/TestScript-Scenario2D"/></reference><name value="Scenario 2D"/><description value="R4 TestScript - PHI System - General Practitioner Access (Work in Progress)"/><exampleBoolean value="true"/><groupingId value="-ex-example"/></resource><resource><extension url="http://hl7.org/fhir/tools/StructureDefinition/resource-sort"><valueInteger value="999999999"/></extension><extension url="http://hl7.org/fhir/StructureDefinition/implementationguide-page"><valueUri value="TestScript-TestScript-Scenario2E.html"/></extension><reference><reference value="TestScript/TestScript-Scenario2E"/></reference><name value="Scenario 2E"/><description value="R4 TestScript - PHI System - Dependents Access (Work in Progress)"/><exampleBoolean value="true"/><groupingId value="-ex-example"/></resource><resource><extension url="http://hl7.org/fhir/tools/StructureDefinition/resource-sort"><valueInteger value="999999999"/></extension><extension url="http://hl7.org/fhir/StructureDefinition/implementationguide-page"><valueUri value="TestScript-TestScript-Scenario3.html"/></extension><reference><reference value="TestScript/TestScript-Scenario3"/></reference><name value="Scenario 3"/><description value="R4 TestScript - Back End Acces"/><exampleBoolean value="true"/><groupingId value="-ex-example"/></resource><resource><extension url="http://hl7.org/fhir/tools/StructureDefinition/resource-sort"><valueInteger value="999999999"/></extension><extension url="http://hl7.org/fhir/StructureDefinition/implementationguide-page"><valueUri value="Questionnaire-fast-patient-privacy.html"/></extension><reference><reference value="Questionnaire/fast-patient-privacy"/></reference><name value="fast-patient-privacy"/><description value="Sample Legal Document - FAST Patient Privacy (HIPAA)"/><exampleBoolean value="true"/><groupingId value="-ex-example"/></resource><resource><extension url="http://hl7.org/fhir/tools/StructureDefinition/resource-sort"><valueInteger value="999999999"/></extension><extension url="http://hl7.org/fhir/StructureDefinition/implementationguide-page"><valueUri value="Questionnaire-leap-dnr.html"/></extension><reference><reference value="Questionnaire/leap-dnr"/></reference><name value="leap-dnr"/><description value="Sample Legal Document - Do Not Rescussitate"/><exampleBoolean value="true"/><groupingId value="-ex-example"/></resource><resource><extension url="http://hl7.org/fhir/tools/StructureDefinition/resource-sort"><valueInteger value="999999999"/></extension><extension url="http://hl7.org/fhir/StructureDefinition/implementationguide-page"><valueUri value="Questionnaire-leap-livingwill.html"/></extension><reference><reference value="Questionnaire/leap-livingwill"/></reference><name value="leap-livingwill"/><description value="Sample Legal Document - Living Will"/><exampleBoolean value="true"/><groupingId value="-ex-example"/></resource><resource><extension url="http://hl7.org/fhir/tools/StructureDefinition/resource-sort"><valueInteger value="999999999"/></extension><extension url="http://hl7.org/fhir/StructureDefinition/implementationguide-page"><valueUri value="Questionnaire-leap-patient-privacy.html"/></extension><reference><reference value="Questionnaire/leap-patient-privacy"/></reference><name value="leap-patient-privacy"/><description value="Sample Legal Document - HIPAA Patient Privacy"/><exampleBoolean value="true"/><groupingId value="-ex-example"/></resource><resource><extension url="http://hl7.org/fhir/tools/StructureDefinition/resource-sort"><valueInteger value="999999999"/></extension><extension url="http://hl7.org/fhir/StructureDefinition/implementationguide-page"><valueUri value="Questionnaire-leap-poahealthcare.html"/></extension><reference><reference value="Questionnaire/leap-poahealthcare"/></reference><name value="leap-poahealthcare"/><description value="Sample Legal Document - Power of Attorney"/><exampleBoolean value="true"/><groupingId value="-ex-example"/></resource><resource><extension url="http://hl7.org/fhir/tools/StructureDefinition/resource-sort"><valueInteger value="999999999"/></extension><extension url="http://hl7.org/fhir/StructureDefinition/implementationguide-page"><valueUri value="Questionnaire-leap-poamentalhealth.html"/></extension><reference><reference value="Questionnaire/leap-poamentalhealth"/></reference><name value="leap-poamentalhealth"/><description value="Sample Legal Document - Power of Attorney - Mental Health"/><exampleBoolean value="true"/><groupingId value="-ex-example"/></resource><resource><extension url="http://hl7.org/fhir/tools/StructureDefinition/resource-sort"><valueInteger value="999999999"/></extension><extension url="http://hl7.org/fhir/StructureDefinition/implementationguide-page"><valueUri value="Questionnaire-leap-polst.html"/></extension><reference><reference value="Questionnaire/leap-polst"/></reference><name value="leap-polst"/><description value="Sample Legal Document - National Portable Medical Order"/><exampleBoolean value="true"/><groupingId value="-ex-example"/></resource><resource><extension url="http://hl7.org/fhir/tools/StructureDefinition/resource-sort"><valueInteger value="999999999"/></extension><extension url="http://hl7.org/fhir/StructureDefinition/implementationguide-page"><valueUri value="Patient-patient-jane-doe.html"/></extension><reference><reference value="Patient/patient-jane-doe"/></reference><name value="patient-jane-doe"/><description value="Patient - Jane Doe patient not part of relationship model, used for checking security access."/><exampleBoolean value="true"/><groupingId value="-ex-example"/></resource><resource><extension url="http://hl7.org/fhir/tools/StructureDefinition/resource-sort"><valueInteger value="999999999"/></extension><extension url="http://hl7.org/fhir/StructureDefinition/implementationguide-page"><valueUri value="Patient-patient-jennifer-smith.html"/></extension><reference><reference value="Patient/patient-jennifer-smith"/></reference><name value="patient-jennifer-smith"/><description value="Patient - Jennifer Smith - Patient demographics record."/><exampleBoolean value="true"/><groupingId value="-ex-example"/></resource><resource><extension url="http://hl7.org/fhir/tools/StructureDefinition/resource-sort"><valueInteger value="999999999"/></extension><extension url="http://hl7.org/fhir/StructureDefinition/implementationguide-page"><valueUri value="Patient-patient-john-smith.html"/></extension><reference><reference value="Patient/patient-john-smith"/></reference><name value="patient-john-smith"/><description value="Patient - John Smith - Patient demographics record."/><exampleBoolean value="true"/><groupingId value="-ex-example"/></resource><resource><extension url="http://hl7.org/fhir/tools/StructureDefinition/resource-sort"><valueInteger value="999999999"/></extension><extension url="http://hl7.org/fhir/StructureDefinition/implementationguide-page"><valueUri value="Patient-patient-katie-klepti.html"/></extension><reference><reference value="Patient/patient-katie-klepti"/></reference><name value="patient-katie-klepti"/><description value="Patient - Katie Klepti - a woman without much sense of boundaries or traditional notions of property ownership."/><exampleBoolean value="true"/><groupingId value="-ex-example"/></resource><resource><extension url="http://hl7.org/fhir/tools/StructureDefinition/resource-sort"><valueInteger value="999999999"/></extension><extension url="http://hl7.org/fhir/StructureDefinition/implementationguide-page"><valueUri value="Practitioner-practitioner-alison-camron.html"/></extension><reference><reference value="Practitioner/practitioner-alison-camron"/></reference><name value="practitioner-alison-camron"/><description value="Practitioner - Dr. Alison Camron, Attending Physician"/><exampleBoolean value="true"/><groupingId value="-ex-example"/></resource><resource><extension url="http://hl7.org/fhir/tools/StructureDefinition/resource-sort"><valueInteger value="999999999"/></extension><extension url="http://hl7.org/fhir/StructureDefinition/implementationguide-page"><valueUri value="Practitioner-practitioner-susan-social.html"/></extension><reference><reference value="Practitioner/practitioner-susan-social"/></reference><name value="practitioner-susan-social"/><description value="Practitioner - Susan Social - Social Worker"/><exampleBoolean value="true"/><groupingId value="-ex-example"/></resource><resource><extension url="http://hl7.org/fhir/tools/StructureDefinition/resource-sort"><valueInteger value="999999999"/></extension><extension url="http://hl7.org/fhir/StructureDefinition/implementationguide-resource-format"><valueCode value="application/fhir+json"/></extension><extension url="http://hl7.org/fhir/StructureDefinition/implementationguide-page"><valueUri value="Binary-auth-request-3.html"/></extension><reference><reference value="Binary/auth-request-3"/></reference><name value="auth-request-3"/><description value="Backend Service - Authorization Reques"/><groupingId value="-other"/></resource><resource><extension url="http://hl7.org/fhir/tools/StructureDefinition/resource-sort"><valueInteger value="999999999"/></extension><extension url="http://hl7.org/fhir/StructureDefinition/implementationguide-resource-format"><valueCode value="application/fhir+json"/></extension><extension url="http://hl7.org/fhir/StructureDefinition/implementationguide-page"><valueUri value="Binary-auth-response-3.html"/></extension><reference><reference value="Binary/auth-response-3"/></reference><name value="auth-response-3"/><description value="Backend Service - Authorization Response"/><groupingId value="-other"/></resource><resource><extension url="http://hl7.org/fhir/tools/StructureDefinition/resource-sort"><valueInteger value="999999999"/></extension><extension url="http://hl7.org/fhir/StructureDefinition/implementationguide-resource-format"><valueCode value="application/fhir+json"/></extension><extension url="http://hl7.org/fhir/StructureDefinition/implementationguide-page"><valueUri value="Binary-registration-request-3.html"/></extension><reference><reference value="Binary/registration-request-3"/></reference><name value="registration-request-3"/><description value="Backend Service - Registration Request"/><groupingId value="-other"/></resource><resource><extension url="http://hl7.org/fhir/tools/StructureDefinition/resource-sort"><valueInteger value="999999999"/></extension><extension url="http://hl7.org/fhir/StructureDefinition/implementationguide-resource-format"><valueCode value="application/fhir+json"/></extension><extension url="http://hl7.org/fhir/StructureDefinition/implementationguide-page"><valueUri value="Binary-registration-response-3.html"/></extension><reference><reference value="Binary/registration-response-3"/></reference><name value="registration-response-3"/><description value="Backend Service - Registration Response"/><groupingId value="-other"/></resource><resource><extension url="http://hl7.org/fhir/tools/StructureDefinition/resource-sort"><valueInteger value="999999999"/></extension><extension url="http://hl7.org/fhir/StructureDefinition/implementationguide-resource-format"><valueCode value="application/fhir+json"/></extension><extension url="http://hl7.org/fhir/StructureDefinition/implementationguide-page"><valueUri value="Binary-token-response-3.html"/></extension><reference><reference value="Binary/token-response-3"/></reference><name value="token-response-3"/><description value="Backend Service - Token Response"/><groupingId value="-other"/></resource><page><extension url="http://hl7.org/fhir/tools/StructureDefinition/ig-page-name"><valueUrl value="toc.html"/></extension><nameUrl value="toc.html"/><title value="Table of Contents"/><generation value="html"/><page><extension url="http://hl7.org/fhir/tools/StructureDefinition/ig-page-name"><valueUrl value="index.html"/></extension><nameUrl value="index.html"/><title value="Access Control Implementation Guide"/><generation value="markdown"/></page><page><extension url="http://hl7.org/fhir/tools/StructureDefinition/ig-page-name"><valueUrl value="datacollection.html"/></extension><nameUrl value="datacollection.html"/><title value="Data Collection"/><generation value="markdown"/></page><page><extension url="http://hl7.org/fhir/tools/StructureDefinition/ig-page-name"><valueUrl value="consentengine.html"/></extension><nameUrl value="consentengine.html"/><title value="Consent Engine"/><generation value="markdown"/></page><page><extension url="http://hl7.org/fhir/tools/StructureDefinition/ig-page-name"><valueUrl value="testing.html"/></extension><nameUrl value="testing.html"/><title value="Functional Testing"/><generation value="markdown"/></page><page><extension url="http://hl7.org/fhir/tools/StructureDefinition/ig-page-name"><valueUrl value="artifacts.html"/></extension><nameUrl value="artifacts.html"/><title value="Artifacts Summary"/><generation value="html"/><page><extension url="http://hl7.org/fhir/tools/StructureDefinition/ig-page-name"><valueUrl value="CapabilityStatement-AccessControlRequirements.html"/></extension><nameUrl value="CapabilityStatement-AccessControlRequirements.html"/><title value="AccessControlRequirements"/><generation value="generated"/></page><page><extension url="http://hl7.org/fhir/tools/StructureDefinition/ig-page-name"><valueUrl value="OperationDefinition-canAccess.html"/></extension><nameUrl value="OperationDefinition-canAccess.html"/><title value="canAccess"/><generation value="generated"/></page><page><extension url="http://hl7.org/fhir/tools/StructureDefinition/ig-page-name"><valueUrl value="OperationDefinition-diff.html"/></extension><nameUrl value="OperationDefinition-diff.html"/><title value="diff"/><generation value="generated"/></page><page><extension url="http://hl7.org/fhir/tools/StructureDefinition/ig-page-name"><valueUrl value="OperationDefinition-digest.html"/></extension><nameUrl value="OperationDefinition-digest.html"/><title value="digest"/><generation value="generated"/></page><page><extension url="http://hl7.org/fhir/tools/StructureDefinition/ig-page-name"><valueUrl value="OperationDefinition-equals.html"/></extension><nameUrl value="OperationDefinition-equals.html"/><title value="equals"/><generation value="generated"/></page><page><extension url="http://hl7.org/fhir/tools/StructureDefinition/ig-page-name"><valueUrl value="OperationDefinition-oauthScopes.html"/></extension><nameUrl value="OperationDefinition-oauthScopes.html"/><title value="oauthScopes"/><generation value="generated"/></page><page><extension url="http://hl7.org/fhir/tools/StructureDefinition/ig-page-name"><valueUrl value="OperationDefinition-parseToBundle.html"/></extension><nameUrl value="OperationDefinition-parseToBundle.html"/><title value="parseToBundle"/><generation value="generated"/></page><page><extension url="http://hl7.org/fhir/tools/StructureDefinition/ig-page-name"><valueUrl value="OperationDefinition-rollup.html"/></extension><nameUrl value="OperationDefinition-rollup.html"/><title value="rollup"/><generation value="generated"/></page><page><extension url="http://hl7.org/fhir/tools/StructureDefinition/ig-page-name"><valueUrl value="OperationDefinition-toAcl.html"/></extension><nameUrl value="OperationDefinition-toAcl.html"/><title value="toAcl"/><generation value="generated"/></page><page><extension url="http://hl7.org/fhir/tools/StructureDefinition/ig-page-name"><valueUrl value="StructureDefinition-OAuthAuthenticationRequest.html"/></extension><nameUrl value="StructureDefinition-OAuthAuthenticationRequest.html"/><title value="OAuth Authentication Request"/><generation value="generated"/></page><page><extension url="http://hl7.org/fhir/tools/StructureDefinition/ig-page-name"><valueUrl value="StructureDefinition-OAuthAuthenticationResponse.html"/></extension><nameUrl value="StructureDefinition-OAuthAuthenticationResponse.html"/><title value="OAuth Authentication Response"/><generation value="generated"/></page><page><extension url="http://hl7.org/fhir/tools/StructureDefinition/ig-page-name"><valueUrl value="StructureDefinition-OAuthRegistrationRequest.html"/></extension><nameUrl value="StructureDefinition-OAuthRegistrationRequest.html"/><title value="OAuth Registration Request"/><generation value="generated"/></page><page><extension url="http://hl7.org/fhir/tools/StructureDefinition/ig-page-name"><valueUrl value="StructureDefinition-OAuthRegistrationResponse.html"/></extension><nameUrl value="StructureDefinition-OAuthRegistrationResponse.html"/><title value="OAuth Registration Response"/><generation value="generated"/></page><page><extension url="http://hl7.org/fhir/tools/StructureDefinition/ig-page-name"><valueUrl value="StructureDefinition-OAuthTokenResponse.html"/></extension><nameUrl value="StructureDefinition-OAuthTokenResponse.html"/><title value="OAuth Token Response"/><generation value="generated"/></page><page><extension url="http://hl7.org/fhir/tools/StructureDefinition/ig-page-name"><valueUrl value="StructureDefinition-ConsentToAcces.html"/></extension><nameUrl value="StructureDefinition-ConsentToAcces.html"/><title value="AccessControlConsent"/><generation value="generated"/></page><page><extension url="http://hl7.org/fhir/tools/StructureDefinition/ig-page-name"><valueUrl value="ValueSet-consent-exchange-category-codes.html"/></extension><nameUrl value="ValueSet-consent-exchange-category-codes.html"/><title value="ConsentExchangeCategoryCodes"/><generation value="generated"/></page><page><extension url="http://hl7.org/fhir/tools/StructureDefinition/ig-page-name"><valueUrl value="ValueSet-ConsentExchangePolicies.html"/></extension><nameUrl value="ValueSet-ConsentExchangePolicies.html"/><title value="ConsentExchangePolicies"/><generation value="generated"/></page><page><extension url="http://hl7.org/fhir/tools/StructureDefinition/ig-page-name"><valueUrl value="ValueSet-ConsentExchangeRelations.html"/></extension><nameUrl value="ValueSet-ConsentExchangeRelations.html"/><title value="ConsentExchangeRelations"/><generation value="generated"/></page><page><extension url="http://hl7.org/fhir/tools/StructureDefinition/ig-page-name"><valueUrl value="ValueSet-consent-exchange-scope-codes.html"/></extension><nameUrl value="ValueSet-consent-exchange-scope-codes.html"/><title value="ConsentExchangeScopeCodes"/><generation value="generated"/></page><page><extension url="http://hl7.org/fhir/tools/StructureDefinition/ig-page-name"><valueUrl value="CodeSystem-CmsInteroperabilityPolicyCodes.html"/></extension><nameUrl value="CodeSystem-CmsInteroperabilityPolicyCodes.html"/><title value="CmsInteroperabilityPolicyCodes"/><generation value="generated"/></page><page><extension url="http://hl7.org/fhir/tools/StructureDefinition/ig-page-name"><valueUrl value="CodeSystem-ConsentExchangeRelationships.html"/></extension><nameUrl value="CodeSystem-ConsentExchangeRelationships.html"/><title value="ConsentExchangeRelationships"/><generation value="generated"/></page><page><extension url="http://hl7.org/fhir/tools/StructureDefinition/ig-page-name"><valueUrl value="CodeSystem-PayorToPayorExchangePolicyCodes.html"/></extension><nameUrl value="CodeSystem-PayorToPayorExchangePolicyCodes.html"/><title value="PayorToPayorExchangePolicyCodes"/><generation value="generated"/></page><page><extension url="http://hl7.org/fhir/tools/StructureDefinition/ig-page-name"><valueUrl value="StructureMap-DnrToConsent.html"/></extension><nameUrl value="StructureMap-DnrToConsent.html"/><title value="DnrToConsent"/><generation value="generated"/></page><page><extension url="http://hl7.org/fhir/tools/StructureDefinition/ig-page-name"><valueUrl value="StructureMap-FirstNameToGiven.html"/></extension><nameUrl value="StructureMap-FirstNameToGiven.html"/><title value="FirstNameToGiven"/><generation value="generated"/></page><page><extension url="http://hl7.org/fhir/tools/StructureDefinition/ig-page-name"><valueUrl value="StructureMap-HipaaPrivacyToConsent.html"/></extension><nameUrl value="StructureMap-HipaaPrivacyToConsent.html"/><title value="HipaaPrivacyToConsent"/><generation value="generated"/></page><page><extension url="http://hl7.org/fhir/tools/StructureDefinition/ig-page-name"><valueUrl value="StructureMap-LastNameToFamily.html"/></extension><nameUrl value="StructureMap-LastNameToFamily.html"/><title value="LastNameToFamily"/><generation value="generated"/></page><page><extension url="http://hl7.org/fhir/tools/StructureDefinition/ig-page-name"><valueUrl value="StructureMap-LivingWillToConsent.html"/></extension><nameUrl value="StructureMap-LivingWillToConsent.html"/><title value="LivingWillToConsent"/><generation value="generated"/></page><page><extension url="http://hl7.org/fhir/tools/StructureDefinition/ig-page-name"><valueUrl value="StructureMap-PoaContractToConsent.html"/></extension><nameUrl value="StructureMap-PoaContractToConsent.html"/><title value="PoaContractToConsent"/><generation value="generated"/></page><page><extension url="http://hl7.org/fhir/tools/StructureDefinition/ig-page-name"><valueUrl value="StructureMap-PoaMentalHealthToConsent.html"/></extension><nameUrl value="StructureMap-PoaMentalHealthToConsent.html"/><title value="PoaMentalHealthToConsent"/><generation value="generated"/></page><page><extension url="http://hl7.org/fhir/tools/StructureDefinition/ig-page-name"><valueUrl value="StructureMap-PoaQuestinonaireToConsent.html"/></extension><nameUrl value="StructureMap-PoaQuestinonaireToConsent.html"/><title value="PoaQuestinonaireToConsent"/><generation value="generated"/></page><page><extension url="http://hl7.org/fhir/tools/StructureDefinition/ig-page-name"><valueUrl value="StructureMap-PolstToConsent.html"/></extension><nameUrl value="StructureMap-PolstToConsent.html"/><title value="PolstToConsent"/><generation value="generated"/></page><page><extension url="http://hl7.org/fhir/tools/StructureDefinition/ig-page-name"><valueUrl value="Consent-ConsentAnonOrg.html"/></extension><nameUrl value="Consent-ConsentAnonOrg.html"/><title value="ConsentAnonOrg"/><generation value="generated"/></page><page><extension url="http://hl7.org/fhir/tools/StructureDefinition/ig-page-name"><valueUrl value="Consent-ConsentAnonPatient.html"/></extension><nameUrl value="Consent-ConsentAnonPatient.html"/><title value="ConsentAnonPatient"/><generation value="generated"/></page><page><extension url="http://hl7.org/fhir/tools/StructureDefinition/ig-page-name"><valueUrl value="Consent-ConsentAnonPractitioner.html"/></extension><nameUrl value="Consent-ConsentAnonPractitioner.html"/><title value="ConsentAnonPractitioner"/><generation value="generated"/></page><page><extension url="http://hl7.org/fhir/tools/StructureDefinition/ig-page-name"><valueUrl value="Consent-ConsentClinicianOrg.html"/></extension><nameUrl value="Consent-ConsentClinicianOrg.html"/><title value="ConsentClinicianOrg"/><generation value="generated"/></page><page><extension url="http://hl7.org/fhir/tools/StructureDefinition/ig-page-name"><valueUrl value="Consent-ConsentClinicianPatient.html"/></extension><nameUrl value="Consent-ConsentClinicianPatient.html"/><title value="ConsentClinicianPatient"/><generation value="generated"/></page><page><extension url="http://hl7.org/fhir/tools/StructureDefinition/ig-page-name"><valueUrl value="Consent-ConsentPatientOwner.html"/></extension><nameUrl value="Consent-ConsentPatientOwner.html"/><title value="ConsentPatientOwner"/><generation value="generated"/></page><page><extension url="http://hl7.org/fhir/tools/StructureDefinition/ig-page-name"><valueUrl value="Consent-ConsentSystemPatient.html"/></extension><nameUrl value="Consent-ConsentSystemPatient.html"/><title value="ConsentSystemPatient"/><generation value="generated"/></page><page><extension url="http://hl7.org/fhir/tools/StructureDefinition/ig-page-name"><valueUrl value="Questionnaire-fast-patient-privacy.html"/></extension><nameUrl value="Questionnaire-fast-patient-privacy.html"/><title value="fast-patient-privacy"/><generation value="generated"/></page><page><extension url="http://hl7.org/fhir/tools/StructureDefinition/ig-page-name"><valueUrl value="Questionnaire-leap-dnr.html"/></extension><nameUrl value="Questionnaire-leap-dnr.html"/><title value="leap-dnr"/><generation value="generated"/></page><page><extension url="http://hl7.org/fhir/tools/StructureDefinition/ig-page-name"><valueUrl value="Questionnaire-leap-livingwill.html"/></extension><nameUrl value="Questionnaire-leap-livingwill.html"/><title value="leap-livingwill"/><generation value="generated"/></page><page><extension url="http://hl7.org/fhir/tools/StructureDefinition/ig-page-name"><valueUrl value="Questionnaire-leap-patient-privacy.html"/></extension><nameUrl value="Questionnaire-leap-patient-privacy.html"/><title value="leap-patient-privacy"/><generation value="generated"/></page><page><extension url="http://hl7.org/fhir/tools/StructureDefinition/ig-page-name"><valueUrl value="Questionnaire-leap-poahealthcare.html"/></extension><nameUrl value="Questionnaire-leap-poahealthcare.html"/><title value="leap-poahealthcare"/><generation value="generated"/></page><page><extension url="http://hl7.org/fhir/tools/StructureDefinition/ig-page-name"><valueUrl value="Questionnaire-leap-poamentalhealth.html"/></extension><nameUrl value="Questionnaire-leap-poamentalhealth.html"/><title value="leap-poamentalhealth"/><generation value="generated"/></page><page><extension url="http://hl7.org/fhir/tools/StructureDefinition/ig-page-name"><valueUrl value="Questionnaire-leap-polst.html"/></extension><nameUrl value="Questionnaire-leap-polst.html"/><title value="leap-polst"/><generation value="generated"/></page><page><extension url="http://hl7.org/fhir/tools/StructureDefinition/ig-page-name"><valueUrl value="Basic-OAuthRegistrationRequest1.html"/></extension><nameUrl value="Basic-OAuthRegistrationRequest1.html"/><title value="OAuthRegistrationRequest1"/><generation value="generated"/></page><page><extension url="http://hl7.org/fhir/tools/StructureDefinition/ig-page-name"><valueUrl value="Organization-stdymphnas.html"/></extension><nameUrl value="Organization-stdymphnas.html"/><title value="Org-StDymphnas"/><generation value="generated"/></page><page><extension url="http://hl7.org/fhir/tools/StructureDefinition/ig-page-name"><valueUrl value="Organization-stjames.html"/></extension><nameUrl value="Organization-stjames.html"/><title value="Org-StJames"/><generation value="generated"/></page><page><extension url="http://hl7.org/fhir/tools/StructureDefinition/ig-page-name"><valueUrl value="Patient-patient-jane-doe.html"/></extension><nameUrl value="Patient-patient-jane-doe.html"/><title value="patient-jane-doe"/><generation value="generated"/></page><page><extension url="http://hl7.org/fhir/tools/StructureDefinition/ig-page-name"><valueUrl value="Patient-patient-jennifer-smith.html"/></extension><nameUrl value="Patient-patient-jennifer-smith.html"/><title value="patient-jennifer-smith"/><generation value="generated"/></page><page><extension url="http://hl7.org/fhir/tools/StructureDefinition/ig-page-name"><valueUrl value="Patient-patient-john-smith.html"/></extension><nameUrl value="Patient-patient-john-smith.html"/><title value="patient-john-smith"/><generation value="generated"/></page><page><extension url="http://hl7.org/fhir/tools/StructureDefinition/ig-page-name"><valueUrl value="Patient-patient-katie-klepti.html"/></extension><nameUrl value="Patient-patient-katie-klepti.html"/><title value="patient-katie-klepti"/><generation value="generated"/></page><page><extension url="http://hl7.org/fhir/tools/StructureDefinition/ig-page-name"><valueUrl value="Practitioner-practitioner-alison-camron.html"/></extension><nameUrl value="Practitioner-practitioner-alison-camron.html"/><title value="practitioner-alison-camron"/><generation value="generated"/></page><page><extension url="http://hl7.org/fhir/tools/StructureDefinition/ig-page-name"><valueUrl value="Practitioner-practitioner-susan-social.html"/></extension><nameUrl value="Practitioner-practitioner-susan-social.html"/><title value="practitioner-susan-social"/><generation value="generated"/></page><page><extension url="http://hl7.org/fhir/tools/StructureDefinition/ig-page-name"><valueUrl value="TestScript-TestScript-Scenario1A.html"/></extension><nameUrl value="TestScript-TestScript-Scenario1A.html"/><title value="Scenario 1A"/><generation value="generated"/></page><page><extension url="http://hl7.org/fhir/tools/StructureDefinition/ig-page-name"><valueUrl value="TestScript-TestScript-Scenario1B.html"/></extension><nameUrl value="TestScript-TestScript-Scenario1B.html"/><title value="Scenario 1B"/><generation value="generated"/></page><page><extension url="http://hl7.org/fhir/tools/StructureDefinition/ig-page-name"><valueUrl value="TestScript-TestScript-Scenario2A.html"/></extension><nameUrl value="TestScript-TestScript-Scenario2A.html"/><title value="Scenario 2A"/><generation value="generated"/></page><page><extension url="http://hl7.org/fhir/tools/StructureDefinition/ig-page-name"><valueUrl value="TestScript-TestScript-Scenario2B.html"/></extension><nameUrl value="TestScript-TestScript-Scenario2B.html"/><title value="Scenario 2B"/><generation value="generated"/></page><page><extension url="http://hl7.org/fhir/tools/StructureDefinition/ig-page-name"><valueUrl value="TestScript-TestScript-Scenario2C.html"/></extension><nameUrl value="TestScript-TestScript-Scenario2C.html"/><title value="Scenario 2C"/><generation value="generated"/></page><page><extension url="http://hl7.org/fhir/tools/StructureDefinition/ig-page-name"><valueUrl value="TestScript-TestScript-Scenario2D.html"/></extension><nameUrl value="TestScript-TestScript-Scenario2D.html"/><title value="Scenario 2D"/><generation value="generated"/></page><page><extension url="http://hl7.org/fhir/tools/StructureDefinition/ig-page-name"><valueUrl value="TestScript-TestScript-Scenario2E.html"/></extension><nameUrl value="TestScript-TestScript-Scenario2E.html"/><title value="Scenario 2E"/><generation value="generated"/></page><page><extension url="http://hl7.org/fhir/tools/StructureDefinition/ig-page-name"><valueUrl value="TestScript-TestScript-Scenario3.html"/></extension><nameUrl value="TestScript-TestScript-Scenario3.html"/><title value="Scenario 3"/><generation value="generated"/></page><page><extension url="http://hl7.org/fhir/tools/StructureDefinition/ig-page-name"><valueUrl value="TestScript-TestScript-gszMyXpwsdoAjJZeh.html"/></extension><nameUrl value="TestScript-TestScript-gszMyXpwsdoAjJZeh.html"/><title value="SMART Client Registration"/><generation value="generated"/></page><page><extension url="http://hl7.org/fhir/tools/StructureDefinition/ig-page-name"><valueUrl value="Binary-auth-request-3.html"/></extension><nameUrl value="Binary-auth-request-3.html"/><title value="auth-request-3"/><generation value="generated"/></page><page><extension url="http://hl7.org/fhir/tools/StructureDefinition/ig-page-name"><valueUrl value="Binary-auth-response-3.html"/></extension><nameUrl value="Binary-auth-response-3.html"/><title value="auth-response-3"/><generation value="generated"/></page><page><extension url="http://hl7.org/fhir/tools/StructureDefinition/ig-page-name"><valueUrl value="Binary-registration-request-3.html"/></extension><nameUrl value="Binary-registration-request-3.html"/><title value="registration-request-3"/><generation value="generated"/></page><page><extension url="http://hl7.org/fhir/tools/StructureDefinition/ig-page-name"><valueUrl value="Binary-registration-response-3.html"/></extension><nameUrl value="Binary-registration-response-3.html"/><title value="registration-response-3"/><generation value="generated"/></page><page><extension url="http://hl7.org/fhir/tools/StructureDefinition/ig-page-name"><valueUrl value="Binary-token-response-3.html"/></extension><nameUrl value="Binary-token-response-3.html"/><title value="token-response-3"/><generation value="generated"/></page></page></page><parameter><code value="path-resource"/><value value="input/capabilities"/></parameter><parameter><code value="path-resource"/><value value="input/examples"/></parameter><parameter><code value="path-resource"/><value value="input/extensions"/></parameter><parameter><code value="path-resource"/><value value="input/models"/></parameter><parameter><code value="path-resource"/><value value="input/operations"/></parameter><parameter><code value="path-resource"/><value value="input/profiles"/></parameter><parameter><code value="path-resource"/><value value="input/resources"/></parameter><parameter><code value="path-resource"/><value value="input/vocabulary"/></parameter><parameter><code value="path-resource"/><value value="input/maps"/></parameter><parameter><code value="path-resource"/><value value="input/testing"/></parameter><parameter><code value="path-resource"/><value value="input/history"/></parameter><parameter><code value="path-resource"/><value value="fsh-generated/resources"/></parameter><parameter><code value="path-pages"/><value value="template/config"/></parameter><parameter><code value="path-pages"/><value value="input/images"/></parameter><parameter><code value="path-tx-cache"/><value value="input-cache/txcache"/></parameter></definition></ImplementationGuide>