<?xml version="1.0" encoding="UTF-8"?><StructureMap xmlns="http://hl7.org/fhir"><id value="HipaaPrivacyToConsent"/><text><status value="generated"/><div xmlns="http://www.w3.org/1999/xhtml"><pre class="fml">
<b>map</b><span style="color: navy"> &quot;</span>http://<span style="color: navy">&quot; = &quot;</span>HipaaPrivacyToConsent<span style="color: navy">&quot;

</span><span style="color: navy">// </span><span style="color: green">HIPAA Privacy questionnaire to Consent record</span>

<b>group </b>First<span style="color: navy">(</span><b>source</b> <span style="color: maroon">HipaaPrivacyToConsent</span><span style="color: navy">)</span><b> &lt;&lt;types&gt;&gt;</b><span style="color: navy"> {
</span>  QihW2v3EyoEuqB8Y5<b> default </b>&quot;First&quot;<span style="color: navy"><b> -&gt; </b></span><b> as </b><span style="color: maroon">name.given</span> <i>&quot;QihW2v3EyoEuqB8Y5&quot;</i><span style="color: navy">;</span>
<span style="color: navy">}

</span></pre></div></text><url value="http://"/><version value="0.2.1"/><name value="HipaaPrivacyToConsent"/><status value="draft"/><date value="2023-08-09T02:35:23-05:00"/><publisher value="MITRE"/><contact><name value="MITRE"/><telecom><system value="url"/><value value="https://www.mitre.org"/></telecom></contact><description value="HIPAA Privacy questionnaire to Consent record"/><group><name value="First"/><typeMode value="types"/><input><name value="HipaaPrivacyToConsent"/><mode value="source"/></input><rule><name value="QihW2v3EyoEuqB8Y5"/><source><context value="QihW2v3EyoEuqB8Y5"/><defaultValueString value="First"/></source><target><contextType value="variable"/><variable value="name.given"/></target></rule></group></StructureMap>