<?xml version="1.0" encoding="UTF-8"?><StructureMap xmlns="http://hl7.org/fhir"><id value="PoaContractToConsent"/><url value="http://"/><version value="0.1.0"/><name value="PoaContractToConsent"/><status value="draft"/><date value="2023-04-11T09:52:12-05:00"/><publisher value="MITRE"/><contact><name value="MITRE"/><telecom><system value="url"/><value value="https://www.mitre.org"/></telecom></contact><group><name value="First"/><typeMode value="types"/><input><name value="PoaContractToConsent"/><mode value="source"/></input><rule><name value="6k7G75p8ZGja4tgnC"/><source><context value="6k7G75p8ZGja4tgnC"/><defaultValueString value="First"/></source><target><contextType value="variable"/><variable value="name.given"/></target></rule></group></StructureMap>