<?xml version="1.0" encoding="UTF-8"?><TestScript xmlns="http://hl7.org/fhir"><id value="TestScript-Scenario2C"/><url value="http://"/><version value="0.2.1"/><name value="Scenario 2C"/><title value="R4 TestScript - PHI System - Patient Multi-User Access"/><status value="draft"/><date value="2022-06-14T23:19:30.696Z"/><publisher value="MITRE"/><contact><name value="MITRE"/><telecom><system value="url"/><value value="https://www.mitre.org"/></telecom></contact><jurisdiction><coding><system value="urn:iso:std:iso:3166"/><code value="US"/></coding></jurisdiction><fixture id="73594318-988d-5647-b3d8-1f1841578c27"><autocreate value="true"/><autodelete value="true"/><resource><reference value="PharmLoc2"/><type value="Location"/><display value="OrgA CT Location 2"/></resource></fixture><test id="3823df50-2a7e-48e7-8f70-921067974a05"><name value="0.1 Create hospital organization"/><action><operation><type><system value="http://terminology.hl7.org/CodeSystem/testscript-operation-codes"/><code value="update"/></type><resource value="Organization"/><label value="Hospital Organization"/><description value="PUT /baseR4/Organization/J4aabjHFaXv73ZvME"/><accept value="json"/><encodeRequestUrl value="true"/><method value="put"/><url value="/baseR4/Organization/J4aabjHFaXv73ZvME"/></operation></action><action><assert><description value="Confirm that the returned HTTP status is 201(Success)."/><response value="created"/><warningOnly value="false"/></assert></action></test><test id="80ca8957-a591-4a3c-835e-7018bf03660b"><name value="0.2  Create Jane Doe patient"/><action><operation><type><system value="http://terminology.hl7.org/CodeSystem/testscript-operation-codes"/><code value="update"/></type><resource value="Patient"/><label value="Jane Doe - Patient"/><description value="PUT /baseR4/Patient/6kKu6iPnJtMozpaBp"/><accept value="json"/><encodeRequestUrl value="true"/><method value="put"/><url value="/baseR4/Patient/6kKu6iPnJtMozpaBp"/></operation></action><action><assert><description value="Confirm that the returned HTTP status is 201(Success)."/><response value="created"/><warningOnly value="false"/></assert></action></test><test id="ef27765c-a138-5669-b255-17bb91d30cc0"><name value="0.3 Create Katie Klepto patient"/><action><operation><type><system value="http://terminology.hl7.org/CodeSystem/testscript-operation-codes"/><code value="update"/></type><resource value="Patient"/><label value="Katie Klepto"/><description value="PUT /baseR4/Patient/qirz9TRTPfkDgBSs8"/><accept value="json"/><encodeRequestUrl value="true"/><method value="put"/><url value="/baseR4/Patient/qirz9TRTPfkDgBSs8"/></operation></action><action><assert><description value="Confirm that the returned HTTP status is 201(Success)."/><response value="created"/><warningOnly value="false"/></assert></action></test><test id="ed7f8206-22ad-4bce-b3d8-83980dc0af5e"><name value="0.5 Create Susan social worker"/><action><operation><type><system value="http://terminology.hl7.org/CodeSystem/testscript-operation-codes"/><code value="update"/></type><resource value="Practitioner"/><label value="Susan Social"/><description value="PUT /baseR4/Practitioner"/><accept value="json"/><encodeRequestUrl value="true"/><method value="put"/><url value="/baseR4/Practitioner"/></operation></action><action><assert><description value="Confirm that the returned HTTP status is 201(Success)."/><response value="created"/><warningOnly value="false"/></assert></action></test><test id="309ca261-92bf-5063-ba69-77f29c52c671"><name value="0.6 Create consent records on accessing patient data."/><action><operation><type><system value="http://terminology.hl7.org/CodeSystem/testscript-operation-codes"/><code value="update"/></type><label value="Restriction on accessing other patients data"/><description value="PUT /baseR4/Consent/cotkDnGQjpHijDsRR"/><accept value="json"/><encodeRequestUrl value="true"/><method value="put"/><url value="/baseR4/Consent/cotkDnGQjpHijDsRR"/></operation></action><action><assert><description value="Confirm that the returned HTTP status is 201(Success)."/><response value="created"/><warningOnly value="false"/></assert></action></test><test id="ed7f8206-22ad-4bce-b3d8-83980dc0af5e"><name value="1.1.1 Jane authenticates"/><action><operation><type><system value="http://terminology.hl7.org/CodeSystem/testscript-operation-codes"/><code value="read"/></type><resource value="Basic"/><label value="1.1.1"/><description value="GET /oauth/token"/><accept value="json"/><encodeRequestUrl value="true"/><method value="get"/><url value="/oauth/token"/></operation></action><action><assert><description value="Confirm that the returned HTTP status is 200(OK)."/><response value="okay"/><warningOnly value="false"/></assert></action></test><test id="93751460-d513-4b6c-bcc1-1239227c725f"><name value="1.1.1 Jane tries to access her own records"/><action><operation><type><system value="http://terminology.hl7.org/CodeSystem/testscript-operation-codes"/><code value="read"/></type><resource value="Binary"/><label value="1.1.1"/><description value="GET /baseR4/Patient/6kKu6iPnJtMozpaBp"/><accept value="json"/><encodeRequestUrl value="true"/><method value="get"/><url value="/baseR4/Patient/6kKu6iPnJtMozpaBp"/></operation></action><action><assert><description value="Confirm that the returned HTTP status is 200(OK)."/><response value="okay"/><warningOnly value="false"/></assert></action></test><test id="f93da593-133a-4ab5-9a15-6919a9646e2d"><name value="1.1.1 Jane logs out"/><action><operation><type><system value="http://terminology.hl7.org/CodeSystem/testscript-operation-codes"/><code value="read"/></type><resource value="OAuth"/><label value="1.1.1"/><description value="POST /authorizations/revoke"/><accept value="json"/><encodeRequestUrl value="true"/><method value="post"/><url value="/authorizations/revoke"/></operation></action><action><assert><description value="Confirm that the returned HTTP status is 200(OK)."/><response value="okay"/><warningOnly value="false"/></assert></action></test><test id="f5e23c2f-3b0a-4994-a5e2-26ee6598cfdb"><name value="1.2.1 Katie Klepto authenticates"/><action><operation><type><system value="http://terminology.hl7.org/CodeSystem/testscript-operation-codes"/><code value="read"/></type><resource value="Basic"/><label value="1.1.1"/><description value="GET /oauth/token"/><accept value="json"/><encodeRequestUrl value="true"/><method value="get"/><url value="/oauth/token"/></operation></action><action><assert><description value="Confirm that the returned HTTP status is 200(OK)."/><response value="okay"/><warningOnly value="false"/></assert></action></test><test id="417b8dd4-082b-44a7-8642-7ce48193f5bd"><name value="1.2.2 Katie Klepto tries to access her own records"/><action><operation><type><system value="http://terminology.hl7.org/CodeSystem/testscript-operation-codes"/><code value="read"/></type><resource value="Binary"/><label value="1.1.1"/><description value="GET /baseR4/Patient/qirz9TRTPfkDgBSs8"/><accept value="json"/><encodeRequestUrl value="true"/><method value="get"/><url value="/baseR4/Patient/qirz9TRTPfkDgBSs8"/></operation></action><action><assert><description value="Confirm that the returned HTTP status is 200(OK)."/><response value="okay"/><warningOnly value="false"/></assert></action></test><test id="8ddcbc24-563a-490e-b902-ee28e720ed41"><name value="1.2.3 Katie Klepto tries to access Jane's records"/><action><operation><type><system value="http://terminology.hl7.org/CodeSystem/testscript-operation-codes"/><code value="read"/></type><resource value="Binary"/><label value="1.1.1"/><description value="GET /baseR4/Patient/6kKu6iPnJtMozpaBp"/><accept value="json"/><encodeRequestUrl value="true"/><method value="get"/><url value="/baseR4/Patient/6kKu6iPnJtMozpaBp"/></operation></action><action><assert><description value="Confirm that the returned HTTP status is 200(OK)."/><response value="bad"/><warningOnly value="false"/></assert></action></test><test id="125fc5fe-6165-4085-bb71-9cf34fb3f174"><name value="1.2.4 Katie Klepto logs out"/><action><operation><type><system value="http://terminology.hl7.org/CodeSystem/testscript-operation-codes"/><code value="read"/></type><resource value="OAuth"/><label value="1.1.1"/><description value="POST /authorizations/revoke"/><accept value="json"/><encodeRequestUrl value="true"/><method value="post"/><url value="/authorizations/revoke"/></operation></action><action><assert><description value="Confirm that the returned HTTP status is 200(OK)."/><response value="okay"/><warningOnly value="false"/></assert></action></test><test id="bd6d83d9-0a6f-47c2-a39e-e393fa1cac54"><name value="1.3.1 Susan Social authenticates"/><action><operation><type><system value="http://terminology.hl7.org/CodeSystem/testscript-operation-codes"/><code value="read"/></type><resource value="Basic"/><label value="1.1.1"/><description value="GET /oauth/token"/><accept value="json"/><encodeRequestUrl value="true"/><method value="get"/><url value="/oauth/token"/></operation></action><action><assert><description value="Confirm that the returned HTTP status is 200(OK)."/><response value="okay"/><warningOnly value="false"/></assert></action></test><test id="19f22d84-4715-4bf8-8c96-35586ac19d66"><name value="1.3.2 Susan Social accesses Katie's chart"/><action><operation><type><system value="http://terminology.hl7.org/CodeSystem/testscript-operation-codes"/><code value="read"/></type><resource value="Binary"/><label value="1.1.1"/><description value="GET /baseR4/Patient/qirz9TRTPfkDgBSs8"/><accept value="json"/><encodeRequestUrl value="true"/><method value="get"/><url value="/baseR4/Patient/qirz9TRTPfkDgBSs8"/></operation></action><action><assert><description value="Confirm that the returned HTTP status is 200(OK)."/><response value="okay"/><warningOnly value="false"/></assert></action></test><test id="fcacd7d3-190e-4565-93e2-a4c2ff0123a2"><name value="1.3.3 Susan Social accesses Jane's chart"/><action><operation><type><system value="http://terminology.hl7.org/CodeSystem/testscript-operation-codes"/><code value="read"/></type><resource value="Binary"/><label value="1.1.1"/><description value="GET /baseR4/Patient/6kKu6iPnJtMozpaBp"/><accept value="json"/><encodeRequestUrl value="true"/><method value="get"/><url value="/baseR4/Patient/6kKu6iPnJtMozpaBp"/></operation></action><action><assert><description value="Confirm that the returned HTTP status is 200(OK)."/><response value="bad"/><warningOnly value="false"/></assert></action></test><test id="568eb07e-6c81-48e7-b8e6-79c01f103061"><name value="1.2.4 Susan Social logs out"/><action><operation><type><system value="http://terminology.hl7.org/CodeSystem/testscript-operation-codes"/><code value="read"/></type><resource value="OAuth"/><label value="1.1.1"/><description value="POST /authorizations/revoke"/><accept value="json"/><encodeRequestUrl value="true"/><method value="post"/><url value="/authorizations/revoke"/></operation></action><action><assert><description value="Confirm that the returned HTTP status is 200(OK)."/><response value="okay"/><warningOnly value="false"/></assert></action></test></TestScript>