{"resourceType":"StructureMap","id":"PoaQuestinonaireToConsent","url":"http://","version":"0.1.0","name":"PoaQuestinonaireToConsent","status":"draft","date":"2023-04-11T09:52:12-05:00","publisher":"MITRE","contact":[{"name":"MITRE","telecom":[{"system":"url","value":"https://www.mitre.org"}]}],"group":[{"name":"First","typeMode":"types","input":[{"name":"PoaQuestinonaireToConsent","mode":"source"}],"rule":[{"name":"6Zzqjx8mENBX5Mdnq","source":[{"context":"6Zzqjx8mENBX5Mdnq","defaultValueString":"First"}],"target":[{"contextType":"variable","variable":"name.given"}]}]}]}