{"resourceType":"StructureMap","id":"FirstNameToGiven","text":{"status":"generated","div":"<div xmlns=\"http://www.w3.org/1999/xhtml\"><pre class=\"fml\">\r\n<b>map</b><span style=\"color: navy\"> &quot;</span>http://<span style=\"color: navy\">&quot; = &quot;</span>FirstNameToGiven<span style=\"color: navy\">&quot;\r\n\r\n</span><span style=\"color: navy\">// </span><span style=\"color: green\">First name to given name</span>\r\n\r\n<b>group </b>First<span style=\"color: navy\">(</span><b>source</b> <span style=\"color: maroon\">FirstName</span><span style=\"color: navy\">)</span><b> &lt;&lt;types&gt;&gt;</b><span style=\"color: navy\"> {\r\n</span>  gCaEyGa9vsLFC9aj5<b> default </b>&quot;FirstName&quot;<span style=\"color: navy\"><b> -&gt; </b></span><b> as </b><span style=\"color: maroon\">name.given</span> <i>&quot;gCaEyGa9vsLFC9aj5&quot;</i><span style=\"color: navy\">;</span>\r\n<span style=\"color: navy\">}\r\n\r\n</span></pre></div>"},"url":"http://","version":"0.2.1","name":"FirstNameToGiven","status":"draft","date":"2023-08-09T02:35:23-05:00","publisher":"MITRE","contact":[{"name":"MITRE","telecom":[{"system":"url","value":"https://www.mitre.org"}]}],"description":"First name to given name","group":[{"name":"First","typeMode":"types","input":[{"name":"FirstName","mode":"source"}],"rule":[{"name":"gCaEyGa9vsLFC9aj5","source":[{"context":"gCaEyGa9vsLFC9aj5","defaultValueString":"FirstName"}],"target":[{"contextType":"variable","variable":"name.given"}]}]}]}