{"resourceType":"TestScript","id":"TestScript-Scenario3","url":"http://","version":"0.1.0","name":"Scenario 3","title":"R4 TestScript - Back End Acces","status":"draft","date":"2022-06-14T23:19:30.696Z","publisher":"MITRE","contact":[{"name":"MITRE","telecom":[{"system":"url","value":"https://www.mitre.org"}]}],"jurisdiction":[{"coding":[{"system":"urn:iso:std:iso:3166","code":"US"}]}],"fixture":[{"id":"registration-request-3","autocreate":true,"autodelete":true,"resource":{"reference":"registration-request-3","display":"Backend Service - Registration Request"}},{"id":"registration-response-3","autocreate":true,"autodelete":true,"resource":{"reference":"registration-response-3","display":"Backend Service - Registration Response"}}],"test":[{"id":"2823af51-4a7e-5887-3f72-0a10579b4acc","name":"1.1 Register backend service","action":[{"operation":{"resource":"Binary","label":"Register backend service","description":"PUT /oauth/registration","accept":"json","encodeRequestUrl":true,"method":"put","sourceId":"registration-request-3","url":"/oauth/registration"}},{"assert":{"description":"Confirm that the returned HTTP status is 201(Success).","response":"okay","sourceId":"registration-response-3","warningOnly":false}}]}]}