{
  "resourceType" : "CapabilityStatement",
  "id" : "AccessControlRequirements",
  "text" : {
    "status" : "extensions",
    "div" : "<div xmlns=\"http://www.w3.org/1999/xhtml\"><h2/></div>"
  },
  "url" : "https://gitlab.mitre.org/awatson/fast-access-control/CapabilityStatement/AccessControlRequirements",
  "version" : "0.1.0",
  "status" : "draft",
  "date" : "2022-10-12",
  "publisher" : "MITRE",
  "contact" : [{
    "name" : "MITRE",
    "telecom" : [{
      "system" : "url",
      "value" : "https://www.mitre.org"
    }]
  }],
  "kind" : "requirements",
  "fhirVersion" : "4.0.1",
  "format" : ["json"]
}