<?xml version="1.0" encoding="UTF-8"?>

<ValueSet xmlns="http://hl7.org/fhir">
  <id value="consent-exchange-category-codes"/>
  <text>
    <status value="extensions"/><div xmlns="http://www.w3.org/1999/xhtml"><p class="res-header-id"><b>Generated Narrative: ValueSet consent-exchange-category-codes</b></p><a name="consent-exchange-category-codes"> </a><a name="hcconsent-exchange-category-codes"> </a><a name="consent-exchange-category-codes-en-US"> </a><p>This value set includes codes based on the following rules:</p><ul><li>Import all the codes that are contained in <a href="http://hl7.org/fhir/R4/valueset-consent-category.html">Consent Category Codes</a></li></ul><p>This value set excludes codes based on the following rules:</p><ul><li>Exclude these codes as defined in <a href="http://terminology.hl7.org/6.0.2/CodeSystem-consentcategorycodes.html"><code>http://terminology.hl7.org/CodeSystem/consentcategorycodes</code></a><table class="none"><tr><td style="white-space:nowrap"><b>Code</b></td><td><b>Display</b></td><td><b>Definition</b></td></tr><tr><td><a href="http://terminology.hl7.org/6.0.2/CodeSystem-consentcategorycodes.html#consentcategorycodes-acd">acd</a></td><td style="color: #cccccc">Advance Directive</td><td>Any instructions, written or given verbally by a patient in anticipation of potential need for medical treatment.</td></tr><tr><td><a href="http://terminology.hl7.org/6.0.2/CodeSystem-consentcategorycodes.html#consentcategorycodes-dnr">dnr</a></td><td style="color: #cccccc">Do Not Resuscitate</td><td>A legal document, signed by both the patient and their provider, stating a desire not to have CPR initiated in case of a cardiac event.</td></tr><tr><td><a href="http://terminology.hl7.org/6.0.2/CodeSystem-consentcategorycodes.html#consentcategorycodes-hcd">hcd</a></td><td style="color: #cccccc">Health Care Directive</td><td>Patient authored document communicating to patient's health care provider(s) instructions about the patient's goals, preferences, and priorities if the patient is diagnosed as being terminally ill and in a persistent vegetative state, is in a permanently unconscious condition or is otherwise unable to communicate thoe instructions.</td></tr><tr><td><a href="http://terminology.hl7.org/6.0.2/CodeSystem-consentcategorycodes.html#consentcategorycodes-npp">npp</a></td><td style="color: #cccccc">Notice of Privacy Practices</td><td>Acknowledgement of custodian notice of privacy practices. Usage Notes: This type of consent directive acknowledges a custodian's notice of privacy practices including its permitted collection, access, use and disclosure of health information to users and for purposes of use specified.</td></tr><tr><td><a href="http://terminology.hl7.org/6.0.2/CodeSystem-consentcategorycodes.html#consentcategorycodes-polst">polst</a></td><td style="color: #cccccc">POLST</td><td>The Physician Order for Life-Sustaining Treatment form records a person's health care wishes for end of life emergency treatment and translates them into an order by the physician. It must be reviewed and signed by both the patient and the physician, Advanced Registered Nurse Practitioner or Physician Assistant.</td></tr></table></li><li>Exclude these codes as defined in <a href="http://loinc.org"><code>http://loinc.org</code></a><table class="none"><tr><td style="white-space:nowrap"><b>Code</b></td><td><b>Display</b></td></tr><tr><td><a href="https://loinc.org/57016-8/">57016-8</a></td><td style="color: #cccccc">Privacy policy acknowledgment Document</td></tr><tr><td><a href="https://loinc.org/57017-6/">57017-6</a></td><td style="color: #cccccc">Privacy policy Organization Document</td></tr><tr><td><a href="https://loinc.org/64292-6/">64292-6</a></td><td style="color: #cccccc">Release of information consent Document</td></tr></table></li></ul></div>
  </text>
  <url value="https://gitlab.mitre.org/awatson/fast-access-control/ValueSet/consent-exchange-category-codes"/>
  <version value="0.2.2"/>
  <name value="ConsentExchangeCategoryCodes"/>
  <title value="ConsentExchangeCategoryCodes"/>
  <status value="draft"/>
  <date value="2024-09-11T16:17:59-05:00"/>
  <publisher value="MITRE"/>
  <contact>
    <name value="MITRE"/>
    <telecom>
      <system value="url"/>
      <value value="https://www.mitre.org"/>
    </telecom>
  </contact>
  <description value="Consent Exchange - Category Codes"/>
  <compose>
    <include>
      <valueSet value="http://hl7.org/fhir/ValueSet/consent-category"/>
    </include>
    <exclude>
      <system value="http://terminology.hl7.org/CodeSystem/consentcategorycodes"/>
      <concept>
        <code value="acd"/>
      </concept>
      <concept>
        <code value="dnr"/>
      </concept>
      <concept>
        <code value="hcd"/>
      </concept>
      <concept>
        <code value="npp"/>
      </concept>
      <concept>
        <code value="polst"/>
      </concept>
    </exclude>
    <exclude>
      <system value="http://loinc.org"/>
      <concept>
        <code value="57016-8"/>
      </concept>
      <concept>
        <code value="57017-6"/>
      </concept>
      <concept>
        <code value="64292-6"/>
      </concept>
    </exclude>
  </compose>
</ValueSet>