<?xml version="1.0" encoding="UTF-8"?><OperationDefinition xmlns="http://hl7.org/fhir"><id value="canAccess"/><text><status value="generated"/><div xmlns="http://www.w3.org/1999/xhtml"><p class="res-header-id"><b>Generated Narrative: OperationDefinition canAccess</b></p><a name="canAccess"> </a><a name="hccanAccess"> </a><a name="canAccess-en-US"> </a><p>URL: [base]/Consent/[id]/$canAccess</p><h3>Parameters</h3><table class="grid"><tr><td><b>Use</b></td><td><b>Name</b></td><td><b>Scope</b></td><td><b>Cardinality</b></td><td><b>Type</b></td><td><b>Binding</b></td><td><b>Documentation</b></td></tr><tr><td>IN</td><td>actor</td><td/><td>1..1</td><td><a href="http://hl7.org/fhir/R4/datatypes.html#boolean">boolean</a></td><td/><td><div><p>GET /Consent/$canAccess?actor=RelatedPerson/jennifer-smith</p>
</div></td></tr></table></div></text><url value="http://h7.org/fhir/OperationDefinition/example"/><version value="0.2.1"/><name value="User Can Access"/><status value="draft"/><kind value="operation"/><date value="2015-08-04"/><publisher value="MITRE"/><contact><name value="MITRE"/><telecom><system value="url"/><value value="https://www.mitre.org"/></telecom></contact><description value="Determine if a user can access a particular record"/><code value="canAccess"/><base value="OperationDefinition/Consent-canAccess"/><resource value="Consent"/><system value="false"/><type value="false"/><instance value="true"/><parameter><name value="actor"/><use value="in"/><min value="1"/><max value="1"/><documentation value="GET /Consent/$canAccess?actor=RelatedPerson/jennifer-smith"/><type value="boolean"/></parameter><overload><parameterName value="actor"/><parameterName value="class"/></overload></OperationDefinition>