<?xml version="1.0" encoding="UTF-8"?><StructureMap xmlns="http://hl7.org/fhir"><id value="PolstToConsent"/><text><status value="generated"/><div xmlns="http://www.w3.org/1999/xhtml"><p class="res-header-id"><b>Generated Narrative: StructureMap PolstToConsent</b></p><a name="PolstToConsent"> </a><a name="hcPolstToConsent"> </a><a name="PolstToConsent-en-US"> </a><pre class="fml">
<b>map</b><span style="color: navy"> &quot;</span>http://<span style="color: navy">&quot; = &quot;</span>PolstToConsent<span style="color: navy">&quot;

</span><span style="color: navy">// </span><span style="color: green">Physician Orders for Life Sustaining Treatment (POLST) to Consent record</span>

<b>group </b>First<span style="color: navy">(</span><b>source</b> <span style="color: maroon">PolstToConsent</span><span style="color: navy">)</span><b> &lt;&lt;types&gt;&gt;</b><span style="color: navy"> {
</span>  First<b> default </b>&quot;First&quot; <i>&quot;bNnp9yqshCL5AePDP&quot;</i><span style="color: navy">;</span>
<span style="color: navy">}

</span></pre></div></text><url value="http://"/><version value="0.2.1"/><name value="PolstToConsent"/><status value="draft"/><date value="2024-09-11T16:13:57-05:00"/><publisher value="MITRE"/><contact><name value="MITRE"/><telecom><system value="url"/><value value="https://www.mitre.org"/></telecom></contact><description value="Physician Orders for Life Sustaining Treatment (POLST) to Consent record"/><group><name value="First"/><typeMode value="types"/><input><name value="PolstToConsent"/><mode value="source"/></input><rule><name value="bNnp9yqshCL5AePDP"/><source><context value="First"/><defaultValueString value="First"/></source></rule></group></StructureMap>