<?xml version="1.0" encoding="UTF-8"?><ValueSet xmlns="http://hl7.org/fhir"><id value="ConsentExchangeRelations"/><text><status value="generated"/><div xmlns="http://www.w3.org/1999/xhtml"><p class="res-header-id"><b>Generated Narrative: ValueSet ConsentExchangeRelations</b></p><a name="ConsentExchangeRelations"> </a><a name="hcConsentExchangeRelations"> </a><a name="ConsentExchangeRelations-en-US"> </a><p>This value set includes codes based on the following rules:</p><ul><li>Import all the codes that are contained in <a href="http://hl7.org/fhir/R4/valueset-relatedperson-relationshiptype.html">Patient relationship type</a></li><li>Import all the codes that are contained in <a href="http://hl7.org/fhir/R4/valueset-practitioner-role.html">Practitioner role</a></li><li>Import all the codes that are contained in <a href="http://hl7.org/fhir/R4/valueset-participant-role.html">Participant Roles</a></li><li>Import all the codes that are contained in <a href="http://hl7.org/fhir/R4/valueset-security-role-type.html">SecurityRoleType</a></li><li>Import all the codes that are contained in <a href="http://hl7.org/fhir/R4/valueset-organization-type.html">Organization type</a></li></ul></div></text><url value="https://gitlab.mitre.org/awatson/fast-access-control/ValueSet/ConsentExchangeRelations"/><version value="0.2.1"/><name value="ConsentExchangeRelations"/><title value="ConsentExchangeRelations"/><status value="draft"/><date value="2024-09-11T16:13:57-05:00"/><publisher value="MITRE"/><contact><name value="MITRE"/><telecom><system value="url"/><value value="https://www.mitre.org"/></telecom></contact><description value="Consent Exchange - Relationships"/><compose><include><valueSet value="http://hl7.org/fhir/ValueSet/relatedperson-relationshiptype"/></include><include><valueSet value="http://hl7.org/fhir/ValueSet/practitioner-role"/></include><include><valueSet value="http://hl7.org/fhir/ValueSet/participant-role"/></include><include><valueSet value="http://hl7.org/fhir/ValueSet/security-role-type"/></include><include><valueSet value="http://hl7.org/fhir/ValueSet/organization-type"/></include></compose></ValueSet>