{"resourceType":"TestScript","id":"TestScript-Scenario2D","url":"http://","version":"0.2.1","name":"Scenario 2D","title":"R4 TestScript - PHI System - General Practitioner Access","status":"draft","date":"2022-06-14T23:19:30.696Z","publisher":"MITRE","contact":[{"name":"MITRE","telecom":[{"system":"url","value":"https://www.mitre.org"}]}],"fixture":[{"id":"73594318-988d-5647-b3d8-1f1841578c27","autocreate":true,"autodelete":true,"resource":{"reference":"PharmLoc2","type":"Location","display":"OrgA CT Location 2"}}],"test":[{"id":"3823df50-2a7e-48e7-8f70-921067974a05","name":"0.1 Create hospital organization","action":[{"operation":{"type":{"system":"http://terminology.hl7.org/CodeSystem/testscript-operation-codes","code":"update"},"resource":"Organization","label":"Hospital Organization","description":"PUT /baseR4/Organization/J4aabjHFaXv73ZvME","accept":"json","encodeRequestUrl":true,"method":"put","url":"/baseR4/Organization/J4aabjHFaXv73ZvME"}},{"assert":{"description":"Confirm that the returned HTTP status is 201(Success).","response":"created","warningOnly":false}}]},{"id":"f390140a-edd9-4c04-8131-f50e06f8a40a","name":"0.2 Create women's shelter organization","action":[{"operation":{"type":{"system":"http://terminology.hl7.org/CodeSystem/testscript-operation-codes","code":"update"},"resource":"Organization","label":"Women's Shelter Organization","description":"PUT /baseR4/Organization/lyW5mPW2nf3DHC7h6","accept":"json","encodeRequestUrl":true,"method":"put","url":"/baseR4/Organization/lyW5mPW2nf3DHC7h6"}},{"assert":{"description":"Confirm that the returned HTTP status is 201(Success).","response":"created","warningOnly":false}}]},{"id":"80ca8957-a591-4a3c-835e-7018bf03660b","name":"0.3  Create hospital location","action":[{"operation":{"type":{"system":"http://terminology.hl7.org/CodeSystem/testscript-operation-codes","code":"update"},"resource":"Location","label":"Hospital Location","description":"PUT /baseR4/Location/6kKu6iPnJtMozpaBp","accept":"json","encodeRequestUrl":true,"method":"put","url":"/baseR4/Location/6kKu6iPnJtMozpaBp"}},{"assert":{"description":"Confirm that the returned HTTP status is 201(Success).","response":"created","warningOnly":false}}]},{"id":"ef27765c-a138-5669-b255-17bb91d30cc0","name":"0.4 Create women's shelter location","action":[{"operation":{"type":{"system":"http://terminology.hl7.org/CodeSystem/testscript-operation-codes","code":"update"},"resource":"Location","label":"Women's Shelter Location","description":"PUT /baseR4/Location/qirz9TRTPfkDgBSs8","accept":"json","encodeRequestUrl":true,"method":"put","url":"/baseR4/Location/qirz9TRTPfkDgBSs8"}},{"assert":{"description":"Confirm that the returned HTTP status is 201(Success).","response":"created","warningOnly":false}}]},{"id":"ed7f8206-22ad-4bce-b3d8-83980dc0af5e","name":"0.5 Create social worker","action":[{"operation":{"type":{"system":"http://terminology.hl7.org/CodeSystem/testscript-operation-codes","code":"update"},"resource":"Practitioner","label":"Social Worker","description":"PUT /baseR4/Practitioner","accept":"json","encodeRequestUrl":true,"method":"put","url":"/baseR4/Practitioner"}},{"assert":{"description":"Confirm that the returned HTTP status is 201(Success).","response":"created","warningOnly":false}}]},{"id":"309ca261-92bf-5063-ba69-77f29c52c671","name":"0.6 Create restriction on accessing women's shelters","action":[{"operation":{"type":{"system":"http://terminology.hl7.org/CodeSystem/testscript-operation-codes","code":"update"},"label":"Restriction on accessing Women's Shelters","description":"PUT /baseR4/Consent/cotkDnGQjpHijDsRR","accept":"json","encodeRequestUrl":true,"method":"put","url":"/baseR4/Consent/cotkDnGQjpHijDsRR"}},{"assert":{"description":"Confirm that the returned HTTP status is 201(Success).","response":"created","warningOnly":false}}]},{"id":"ed7f8206-22ad-4bce-b3d8-83980dc0af5e","name":"1.1.1 SocialWorker tries to anonymously access public organization data (and succeeds)","action":[{"operation":{"type":{"system":"http://terminology.hl7.org/CodeSystem/testscript-operation-codes","code":"read"},"resource":"Organization","label":"1.1.1","description":"GET /baseR4/Organization/J4aabjHFaXv73ZvME","accept":"json","encodeRequestUrl":true,"method":"get","url":"/baseR4/Organization/J4aabjHFaXv73ZvME"}},{"assert":{"description":"Confirm that the returned HTTP status is 200(OK).","response":"okay","warningOnly":false}}]},{"id":"ed7f8206-22ad-4bce-b3d8-83980dc0af5e","name":"1.1.2 SocialWorker tries to anonymously access public location data (and succeeds)","action":[{"operation":{"type":{"system":"http://terminology.hl7.org/CodeSystem/testscript-operation-codes","code":"read"},"resource":"Location","label":"1.1.2","description":"GET /baseR4/Location/6kKu6iPnJtMozpaBp","accept":"json","encodeRequestUrl":true,"method":"get","url":"/baseR4/Location/6kKu6iPnJtMozpaBp"}},{"assert":{"description":"Confirm that the returned HTTP status is 200(OK).","response":"okay","warningOnly":false}}]},{"id":"486e9754-3a48-45c0-b43e-94e16e078d71","name":"1.2.1 SocialWorker tries to anonymously access private organization data (and fails)","action":[{"operation":{"type":{"system":"http://terminology.hl7.org/CodeSystem/testscript-operation-codes","code":"read"},"resource":"Organization","label":"1.2.1","description":"GET /baseR4/Organization/lyW5mPW2nf3DHC7h6","accept":"json","encodeRequestUrl":true,"method":"get","url":"/baseR4/Organization/lyW5mPW2nf3DHC7h6"}},{"assert":{"description":"Confirm that the returned HTTP status is 401(Unauthorized).","response":"forbidden","warningOnly":false}}]},{"id":"486e9754-3a48-45c0-b43e-94e16e078d71","name":"1.2.2 SocialWorker tries to anonymously access private location data (and fails)","action":[{"operation":{"type":{"system":"http://terminology.hl7.org/CodeSystem/testscript-operation-codes","code":"read"},"resource":"Location","label":"1.2.2","description":"GET /baseR4/Location/qirz9TRTPfkDgBSs8","accept":"json","encodeRequestUrl":true,"method":"get","url":"/baseR4/Location/qirz9TRTPfkDgBSs8"}},{"assert":{"description":"Confirm that the returned HTTP status is 401(forbidden).","response":"forbidden","warningOnly":false}}]},{"id":"668a7b70-e747-42d3-a100-632f1a87cd40","name":"2.1 SocialWorker authenticates.","action":[{"operation":{"type":{"system":"http://terminology.hl7.org/CodeSystem/testscript-operation-codes","code":"read"},"label":"2.1","description":"GET /oauth/authorize","accept":"json","encodeRequestUrl":true,"method":"get","url":"/oauth/authorize?response_type=code&client_id=12345&redirect_uri=https%3A%2F%2Finferno.healthit.gov%2Fsuites%2Fcustom%2Fsmart%2Fredirect&scope=launch%2Fpatient+openid+fhirUser+offline_access+patient%2F*.read&state=b64686e6-5ebb-49c7-845a-821736c7d002&aud=https%3A%2F%2Fnational-directory.meteorapp.com"}},{"assert":{"description":"Confirm that the returned HTTP status is 200(OK).","response":"okay","warningOnly":false}}]},{"id":"0580315d-c072-46da-841e-500ad5d5f931","name":"2.2 Token request","action":[{"operation":{"type":{"system":"http://terminology.hl7.org/CodeSystem/testscript-operation-codes","code":"read"},"label":"2.2","description":"GET /oauth/token","accept":"json","encodeRequestUrl":true,"method":"get","url":"/oauth/token"}},{"assert":{"description":"Confirm that the returned HTTP status is 200(OK).","response":"okay","warningOnly":false}}]},{"id":"595cab8f-6302-44f1-a930-6b02da515216","name":"2.3.1 - SocialWorker tries to anonymously access private location data (and succeeds)","action":[{"operation":{"type":{"system":"http://terminology.hl7.org/CodeSystem/testscript-operation-codes","code":"update"},"resource":"Location","label":"2.3.1","description":"GET /baseR4/Location/qirz9TRTPfkDgBSs8","accept":"json","encodeRequestUrl":true,"method":"get","url":"/baseR4/Location/qirz9TRTPfkDgBSs8"}},{"assert":{"description":"Confirm that the returned HTTP status is 200(OK).","warningOnly":false}}]},{"id":"595cab8f-6302-44f1-a930-6b02da515216","name":"2.3.2 - SocialWorker tries to anonymously access private organization data (and succeeds)","action":[{"operation":{"type":{"system":"http://terminology.hl7.org/CodeSystem/testscript-operation-codes","code":"update"},"resource":"Organization","label":"2.3.2","description":"GET /baseR4/Organization/lyW5mPW2nf3DHC7h6","accept":"json","encodeRequestUrl":true,"method":"get","url":"/baseR4/Organization/lyW5mPW2nf3DHC7h6"}},{"assert":{"description":"Confirm that the returned HTTP status is 200(OK).","warningOnly":false}}]}]}