{
  "resourceType" : "TestScript",
  "id" : "TestScript-Scenario2C",
  "text" : {
    "status" : "generated",
    "div" : "<div xmlns=\"http://www.w3.org/1999/xhtml\"><p><b>Generated Narrative: TestScript</b><a name=\"TestScript-Scenario2C\"> </a></p><div style=\"display: inline-block; background-color: #d9e0e7; padding: 6px; margin: 4px; border: 1px solid #8da1b4; border-radius: 5px; line-height: 60%\"><p style=\"margin-bottom: 0px\">Resource TestScript &quot;TestScript-Scenario2C&quot; </p></div><p><b>url</b>: <code>http://</code></p><p><b>version</b>: 0.2.1</p><p><b>name</b>: Scenario 2C</p><p><b>title</b>: R4 TestScript - PHI System - Patient Multi-User Access</p><p><b>status</b>: draft</p><p><b>date</b>: 2022-06-14 23:19:30+0000</p><p><b>publisher</b>: MITRE</p><p><b>contact</b>: MITRE: <a href=\"https://www.mitre.org\">https://www.mitre.org</a></p><p><b>jurisdiction</b>: United States of America <span style=\"background: LightGoldenRodYellow; margin: 4px; border: 1px solid khaki\"> (<a href=\"http://terminology.hl7.org/5.0.0/CodeSystem-ISO3166Part1.html\">ISO 3166-1 Codes for the representation of names of countries and their subdivisions — Part 1: Country code</a>#US)</span></p><blockquote><p><b>fixture</b></p><blockquote><p><b>id</b></p>73594318-988d-5647-b3d8-1f1841578c27</blockquote><p><b>autocreate</b>: true</p><p><b>autodelete</b>: true</p><p><b>resource</b>: <a href=\"PharmLoc2\">PharmLoc2: OrgA CT Location 2</a></p></blockquote><blockquote><p><b>test</b></p><blockquote><p><b>id</b></p>3823df50-2a7e-48e7-8f70-921067974a05</blockquote><p><b>name</b>: 0.1 Create hospital organization</p><blockquote><p><b>action</b></p><h3>Operations</h3><table class=\"grid\"><tr><td style=\"display: none\">-</td><td><b>Type</b></td><td><b>Resource</b></td><td><b>Label</b></td><td><b>Description</b></td><td><b>Accept</b></td><td><b>EncodeRequestUrl</b></td><td><b>Method</b></td><td><b>Url</b></td></tr><tr><td style=\"display: none\">*</td><td>Update (Details: http://terminology.hl7.org/CodeSystem/testscript-operation-codes code update = 'Update', stated as 'null')</td><td>Organization</td><td>Hospital Organization</td><td>PUT /baseR4/Organization/J4aabjHFaXv73ZvME</td><td>json</td><td>true</td><td>put</td><td>/baseR4/Organization/J4aabjHFaXv73ZvME</td></tr></table></blockquote><blockquote><p><b>action</b></p><h3>Asserts</h3><table class=\"grid\"><tr><td style=\"display: none\">-</td><td><b>Description</b></td><td><b>Response</b></td><td><b>WarningOnly</b></td></tr><tr><td style=\"display: none\">*</td><td>Confirm that the returned HTTP status is 201(Success).</td><td>created</td><td>false</td></tr></table></blockquote></blockquote><blockquote><p><b>test</b></p><blockquote><p><b>id</b></p>80ca8957-a591-4a3c-835e-7018bf03660b</blockquote><p><b>name</b>: 0.2  Create Jane Doe patient</p><blockquote><p><b>action</b></p><h3>Operations</h3><table class=\"grid\"><tr><td style=\"display: none\">-</td><td><b>Type</b></td><td><b>Resource</b></td><td><b>Label</b></td><td><b>Description</b></td><td><b>Accept</b></td><td><b>EncodeRequestUrl</b></td><td><b>Method</b></td><td><b>Url</b></td></tr><tr><td style=\"display: none\">*</td><td>Update (Details: http://terminology.hl7.org/CodeSystem/testscript-operation-codes code update = 'Update', stated as 'null')</td><td>Patient</td><td>Jane Doe - Patient</td><td>PUT /baseR4/Patient/6kKu6iPnJtMozpaBp</td><td>json</td><td>true</td><td>put</td><td>/baseR4/Patient/6kKu6iPnJtMozpaBp</td></tr></table></blockquote><blockquote><p><b>action</b></p><h3>Asserts</h3><table class=\"grid\"><tr><td style=\"display: none\">-</td><td><b>Description</b></td><td><b>Response</b></td><td><b>WarningOnly</b></td></tr><tr><td style=\"display: none\">*</td><td>Confirm that the returned HTTP status is 201(Success).</td><td>created</td><td>false</td></tr></table></blockquote></blockquote><blockquote><p><b>test</b></p><blockquote><p><b>id</b></p>ef27765c-a138-5669-b255-17bb91d30cc0</blockquote><p><b>name</b>: 0.3 Create Katie Klepto patient</p><blockquote><p><b>action</b></p><h3>Operations</h3><table class=\"grid\"><tr><td style=\"display: none\">-</td><td><b>Type</b></td><td><b>Resource</b></td><td><b>Label</b></td><td><b>Description</b></td><td><b>Accept</b></td><td><b>EncodeRequestUrl</b></td><td><b>Method</b></td><td><b>Url</b></td></tr><tr><td style=\"display: none\">*</td><td>Update (Details: http://terminology.hl7.org/CodeSystem/testscript-operation-codes code update = 'Update', stated as 'null')</td><td>Patient</td><td>Katie Klepto</td><td>PUT /baseR4/Patient/qirz9TRTPfkDgBSs8</td><td>json</td><td>true</td><td>put</td><td>/baseR4/Patient/qirz9TRTPfkDgBSs8</td></tr></table></blockquote><blockquote><p><b>action</b></p><h3>Asserts</h3><table class=\"grid\"><tr><td style=\"display: none\">-</td><td><b>Description</b></td><td><b>Response</b></td><td><b>WarningOnly</b></td></tr><tr><td style=\"display: none\">*</td><td>Confirm that the returned HTTP status is 201(Success).</td><td>created</td><td>false</td></tr></table></blockquote></blockquote><blockquote><p><b>test</b></p><blockquote><p><b>id</b></p>ed7f8206-22ad-4bce-b3d8-83980dc0af5e</blockquote><p><b>name</b>: 0.5 Create Susan social worker</p><blockquote><p><b>action</b></p><h3>Operations</h3><table class=\"grid\"><tr><td style=\"display: none\">-</td><td><b>Type</b></td><td><b>Resource</b></td><td><b>Label</b></td><td><b>Description</b></td><td><b>Accept</b></td><td><b>EncodeRequestUrl</b></td><td><b>Method</b></td><td><b>Url</b></td></tr><tr><td style=\"display: none\">*</td><td>Update (Details: http://terminology.hl7.org/CodeSystem/testscript-operation-codes code update = 'Update', stated as 'null')</td><td>Practitioner</td><td>Susan Social</td><td>PUT /baseR4/Practitioner</td><td>json</td><td>true</td><td>put</td><td>/baseR4/Practitioner</td></tr></table></blockquote><blockquote><p><b>action</b></p><h3>Asserts</h3><table class=\"grid\"><tr><td style=\"display: none\">-</td><td><b>Description</b></td><td><b>Response</b></td><td><b>WarningOnly</b></td></tr><tr><td style=\"display: none\">*</td><td>Confirm that the returned HTTP status is 201(Success).</td><td>created</td><td>false</td></tr></table></blockquote></blockquote><blockquote><p><b>test</b></p><blockquote><p><b>id</b></p>309ca261-92bf-5063-ba69-77f29c52c671</blockquote><p><b>name</b>: 0.6 Create consent records on accessing patient data.</p><blockquote><p><b>action</b></p><h3>Operations</h3><table class=\"grid\"><tr><td style=\"display: none\">-</td><td><b>Type</b></td><td><b>Label</b></td><td><b>Description</b></td><td><b>Accept</b></td><td><b>EncodeRequestUrl</b></td><td><b>Method</b></td><td><b>Url</b></td></tr><tr><td style=\"display: none\">*</td><td>Update (Details: http://terminology.hl7.org/CodeSystem/testscript-operation-codes code update = 'Update', stated as 'null')</td><td>Restriction on accessing other patients data</td><td>PUT /baseR4/Consent/cotkDnGQjpHijDsRR</td><td>json</td><td>true</td><td>put</td><td>/baseR4/Consent/cotkDnGQjpHijDsRR</td></tr></table></blockquote><blockquote><p><b>action</b></p><h3>Asserts</h3><table class=\"grid\"><tr><td style=\"display: none\">-</td><td><b>Description</b></td><td><b>Response</b></td><td><b>WarningOnly</b></td></tr><tr><td style=\"display: none\">*</td><td>Confirm that the returned HTTP status is 201(Success).</td><td>created</td><td>false</td></tr></table></blockquote></blockquote><blockquote><p><b>test</b></p><blockquote><p><b>id</b></p>ed7f8206-22ad-4bce-b3d8-83980dc0af5e</blockquote><p><b>name</b>: 1.1.1 Jane authenticates</p><blockquote><p><b>action</b></p><h3>Operations</h3><table class=\"grid\"><tr><td style=\"display: none\">-</td><td><b>Type</b></td><td><b>Resource</b></td><td><b>Label</b></td><td><b>Description</b></td><td><b>Accept</b></td><td><b>EncodeRequestUrl</b></td><td><b>Method</b></td><td><b>Url</b></td></tr><tr><td style=\"display: none\">*</td><td>Read (Details: http://terminology.hl7.org/CodeSystem/testscript-operation-codes code read = 'Read', stated as 'null')</td><td>Basic</td><td>1.1.1</td><td>GET /oauth/token</td><td>json</td><td>true</td><td>get</td><td>/oauth/token</td></tr></table></blockquote><blockquote><p><b>action</b></p><h3>Asserts</h3><table class=\"grid\"><tr><td style=\"display: none\">-</td><td><b>Description</b></td><td><b>Response</b></td><td><b>WarningOnly</b></td></tr><tr><td style=\"display: none\">*</td><td>Confirm that the returned HTTP status is 200(OK).</td><td>okay</td><td>false</td></tr></table></blockquote></blockquote><blockquote><p><b>test</b></p><blockquote><p><b>id</b></p>93751460-d513-4b6c-bcc1-1239227c725f</blockquote><p><b>name</b>: 1.1.1 Jane tries to access her own records</p><blockquote><p><b>action</b></p><h3>Operations</h3><table class=\"grid\"><tr><td style=\"display: none\">-</td><td><b>Type</b></td><td><b>Resource</b></td><td><b>Label</b></td><td><b>Description</b></td><td><b>Accept</b></td><td><b>EncodeRequestUrl</b></td><td><b>Method</b></td><td><b>Url</b></td></tr><tr><td style=\"display: none\">*</td><td>Read (Details: http://terminology.hl7.org/CodeSystem/testscript-operation-codes code read = 'Read', stated as 'null')</td><td>Binary</td><td>1.1.1</td><td>GET /baseR4/Patient/6kKu6iPnJtMozpaBp</td><td>json</td><td>true</td><td>get</td><td>/baseR4/Patient/6kKu6iPnJtMozpaBp</td></tr></table></blockquote><blockquote><p><b>action</b></p><h3>Asserts</h3><table class=\"grid\"><tr><td style=\"display: none\">-</td><td><b>Description</b></td><td><b>Response</b></td><td><b>WarningOnly</b></td></tr><tr><td style=\"display: none\">*</td><td>Confirm that the returned HTTP status is 200(OK).</td><td>okay</td><td>false</td></tr></table></blockquote></blockquote><blockquote><p><b>test</b></p><blockquote><p><b>id</b></p>f93da593-133a-4ab5-9a15-6919a9646e2d</blockquote><p><b>name</b>: 1.1.1 Jane logs out</p><blockquote><p><b>action</b></p><h3>Operations</h3><table class=\"grid\"><tr><td style=\"display: none\">-</td><td><b>Type</b></td><td><b>Resource</b></td><td><b>Label</b></td><td><b>Description</b></td><td><b>Accept</b></td><td><b>EncodeRequestUrl</b></td><td><b>Method</b></td><td><b>Url</b></td></tr><tr><td style=\"display: none\">*</td><td>Read (Details: http://terminology.hl7.org/CodeSystem/testscript-operation-codes code read = 'Read', stated as 'null')</td><td>OAuth</td><td>1.1.1</td><td>POST /authorizations/revoke</td><td>json</td><td>true</td><td>post</td><td>/authorizations/revoke</td></tr></table></blockquote><blockquote><p><b>action</b></p><h3>Asserts</h3><table class=\"grid\"><tr><td style=\"display: none\">-</td><td><b>Description</b></td><td><b>Response</b></td><td><b>WarningOnly</b></td></tr><tr><td style=\"display: none\">*</td><td>Confirm that the returned HTTP status is 200(OK).</td><td>okay</td><td>false</td></tr></table></blockquote></blockquote><blockquote><p><b>test</b></p><blockquote><p><b>id</b></p>f5e23c2f-3b0a-4994-a5e2-26ee6598cfdb</blockquote><p><b>name</b>: 1.2.1 Katie Klepto authenticates</p><blockquote><p><b>action</b></p><h3>Operations</h3><table class=\"grid\"><tr><td style=\"display: none\">-</td><td><b>Type</b></td><td><b>Resource</b></td><td><b>Label</b></td><td><b>Description</b></td><td><b>Accept</b></td><td><b>EncodeRequestUrl</b></td><td><b>Method</b></td><td><b>Url</b></td></tr><tr><td style=\"display: none\">*</td><td>Read (Details: http://terminology.hl7.org/CodeSystem/testscript-operation-codes code read = 'Read', stated as 'null')</td><td>Basic</td><td>1.1.1</td><td>GET /oauth/token</td><td>json</td><td>true</td><td>get</td><td>/oauth/token</td></tr></table></blockquote><blockquote><p><b>action</b></p><h3>Asserts</h3><table class=\"grid\"><tr><td style=\"display: none\">-</td><td><b>Description</b></td><td><b>Response</b></td><td><b>WarningOnly</b></td></tr><tr><td style=\"display: none\">*</td><td>Confirm that the returned HTTP status is 200(OK).</td><td>okay</td><td>false</td></tr></table></blockquote></blockquote><blockquote><p><b>test</b></p><blockquote><p><b>id</b></p>417b8dd4-082b-44a7-8642-7ce48193f5bd</blockquote><p><b>name</b>: 1.2.2 Katie Klepto tries to access her own records</p><blockquote><p><b>action</b></p><h3>Operations</h3><table class=\"grid\"><tr><td style=\"display: none\">-</td><td><b>Type</b></td><td><b>Resource</b></td><td><b>Label</b></td><td><b>Description</b></td><td><b>Accept</b></td><td><b>EncodeRequestUrl</b></td><td><b>Method</b></td><td><b>Url</b></td></tr><tr><td style=\"display: none\">*</td><td>Read (Details: http://terminology.hl7.org/CodeSystem/testscript-operation-codes code read = 'Read', stated as 'null')</td><td>Binary</td><td>1.1.1</td><td>GET /baseR4/Patient/qirz9TRTPfkDgBSs8</td><td>json</td><td>true</td><td>get</td><td>/baseR4/Patient/qirz9TRTPfkDgBSs8</td></tr></table></blockquote><blockquote><p><b>action</b></p><h3>Asserts</h3><table class=\"grid\"><tr><td style=\"display: none\">-</td><td><b>Description</b></td><td><b>Response</b></td><td><b>WarningOnly</b></td></tr><tr><td style=\"display: none\">*</td><td>Confirm that the returned HTTP status is 200(OK).</td><td>okay</td><td>false</td></tr></table></blockquote></blockquote><blockquote><p><b>test</b></p><blockquote><p><b>id</b></p>8ddcbc24-563a-490e-b902-ee28e720ed41</blockquote><p><b>name</b>: 1.2.3 Katie Klepto tries to access Jane's records</p><blockquote><p><b>action</b></p><h3>Operations</h3><table class=\"grid\"><tr><td style=\"display: none\">-</td><td><b>Type</b></td><td><b>Resource</b></td><td><b>Label</b></td><td><b>Description</b></td><td><b>Accept</b></td><td><b>EncodeRequestUrl</b></td><td><b>Method</b></td><td><b>Url</b></td></tr><tr><td style=\"display: none\">*</td><td>Read (Details: http://terminology.hl7.org/CodeSystem/testscript-operation-codes code read = 'Read', stated as 'null')</td><td>Binary</td><td>1.1.1</td><td>GET /baseR4/Patient/6kKu6iPnJtMozpaBp</td><td>json</td><td>true</td><td>get</td><td>/baseR4/Patient/6kKu6iPnJtMozpaBp</td></tr></table></blockquote><blockquote><p><b>action</b></p><h3>Asserts</h3><table class=\"grid\"><tr><td style=\"display: none\">-</td><td><b>Description</b></td><td><b>Response</b></td><td><b>WarningOnly</b></td></tr><tr><td style=\"display: none\">*</td><td>Confirm that the returned HTTP status is 200(OK).</td><td>bad</td><td>false</td></tr></table></blockquote></blockquote><blockquote><p><b>test</b></p><blockquote><p><b>id</b></p>125fc5fe-6165-4085-bb71-9cf34fb3f174</blockquote><p><b>name</b>: 1.2.4 Katie Klepto logs out</p><blockquote><p><b>action</b></p><h3>Operations</h3><table class=\"grid\"><tr><td style=\"display: none\">-</td><td><b>Type</b></td><td><b>Resource</b></td><td><b>Label</b></td><td><b>Description</b></td><td><b>Accept</b></td><td><b>EncodeRequestUrl</b></td><td><b>Method</b></td><td><b>Url</b></td></tr><tr><td style=\"display: none\">*</td><td>Read (Details: http://terminology.hl7.org/CodeSystem/testscript-operation-codes code read = 'Read', stated as 'null')</td><td>OAuth</td><td>1.1.1</td><td>POST /authorizations/revoke</td><td>json</td><td>true</td><td>post</td><td>/authorizations/revoke</td></tr></table></blockquote><blockquote><p><b>action</b></p><h3>Asserts</h3><table class=\"grid\"><tr><td style=\"display: none\">-</td><td><b>Description</b></td><td><b>Response</b></td><td><b>WarningOnly</b></td></tr><tr><td style=\"display: none\">*</td><td>Confirm that the returned HTTP status is 200(OK).</td><td>okay</td><td>false</td></tr></table></blockquote></blockquote><blockquote><p><b>test</b></p><blockquote><p><b>id</b></p>bd6d83d9-0a6f-47c2-a39e-e393fa1cac54</blockquote><p><b>name</b>: 1.3.1 Susan Social authenticates</p><blockquote><p><b>action</b></p><h3>Operations</h3><table class=\"grid\"><tr><td style=\"display: none\">-</td><td><b>Type</b></td><td><b>Resource</b></td><td><b>Label</b></td><td><b>Description</b></td><td><b>Accept</b></td><td><b>EncodeRequestUrl</b></td><td><b>Method</b></td><td><b>Url</b></td></tr><tr><td style=\"display: none\">*</td><td>Read (Details: http://terminology.hl7.org/CodeSystem/testscript-operation-codes code read = 'Read', stated as 'null')</td><td>Basic</td><td>1.1.1</td><td>GET /oauth/token</td><td>json</td><td>true</td><td>get</td><td>/oauth/token</td></tr></table></blockquote><blockquote><p><b>action</b></p><h3>Asserts</h3><table class=\"grid\"><tr><td style=\"display: none\">-</td><td><b>Description</b></td><td><b>Response</b></td><td><b>WarningOnly</b></td></tr><tr><td style=\"display: none\">*</td><td>Confirm that the returned HTTP status is 200(OK).</td><td>okay</td><td>false</td></tr></table></blockquote></blockquote><blockquote><p><b>test</b></p><blockquote><p><b>id</b></p>19f22d84-4715-4bf8-8c96-35586ac19d66</blockquote><p><b>name</b>: 1.3.2 Susan Social accesses Katie's chart</p><blockquote><p><b>action</b></p><h3>Operations</h3><table class=\"grid\"><tr><td style=\"display: none\">-</td><td><b>Type</b></td><td><b>Resource</b></td><td><b>Label</b></td><td><b>Description</b></td><td><b>Accept</b></td><td><b>EncodeRequestUrl</b></td><td><b>Method</b></td><td><b>Url</b></td></tr><tr><td style=\"display: none\">*</td><td>Read (Details: http://terminology.hl7.org/CodeSystem/testscript-operation-codes code read = 'Read', stated as 'null')</td><td>Binary</td><td>1.1.1</td><td>GET /baseR4/Patient/qirz9TRTPfkDgBSs8</td><td>json</td><td>true</td><td>get</td><td>/baseR4/Patient/qirz9TRTPfkDgBSs8</td></tr></table></blockquote><blockquote><p><b>action</b></p><h3>Asserts</h3><table class=\"grid\"><tr><td style=\"display: none\">-</td><td><b>Description</b></td><td><b>Response</b></td><td><b>WarningOnly</b></td></tr><tr><td style=\"display: none\">*</td><td>Confirm that the returned HTTP status is 200(OK).</td><td>okay</td><td>false</td></tr></table></blockquote></blockquote><blockquote><p><b>test</b></p><blockquote><p><b>id</b></p>fcacd7d3-190e-4565-93e2-a4c2ff0123a2</blockquote><p><b>name</b>: 1.3.3 Susan Social accesses Jane's chart</p><blockquote><p><b>action</b></p><h3>Operations</h3><table class=\"grid\"><tr><td style=\"display: none\">-</td><td><b>Type</b></td><td><b>Resource</b></td><td><b>Label</b></td><td><b>Description</b></td><td><b>Accept</b></td><td><b>EncodeRequestUrl</b></td><td><b>Method</b></td><td><b>Url</b></td></tr><tr><td style=\"display: none\">*</td><td>Read (Details: http://terminology.hl7.org/CodeSystem/testscript-operation-codes code read = 'Read', stated as 'null')</td><td>Binary</td><td>1.1.1</td><td>GET /baseR4/Patient/6kKu6iPnJtMozpaBp</td><td>json</td><td>true</td><td>get</td><td>/baseR4/Patient/6kKu6iPnJtMozpaBp</td></tr></table></blockquote><blockquote><p><b>action</b></p><h3>Asserts</h3><table class=\"grid\"><tr><td style=\"display: none\">-</td><td><b>Description</b></td><td><b>Response</b></td><td><b>WarningOnly</b></td></tr><tr><td style=\"display: none\">*</td><td>Confirm that the returned HTTP status is 200(OK).</td><td>bad</td><td>false</td></tr></table></blockquote></blockquote><blockquote><p><b>test</b></p><blockquote><p><b>id</b></p>568eb07e-6c81-48e7-b8e6-79c01f103061</blockquote><p><b>name</b>: 1.2.4 Susan Social logs out</p><blockquote><p><b>action</b></p><h3>Operations</h3><table class=\"grid\"><tr><td style=\"display: none\">-</td><td><b>Type</b></td><td><b>Resource</b></td><td><b>Label</b></td><td><b>Description</b></td><td><b>Accept</b></td><td><b>EncodeRequestUrl</b></td><td><b>Method</b></td><td><b>Url</b></td></tr><tr><td style=\"display: none\">*</td><td>Read (Details: http://terminology.hl7.org/CodeSystem/testscript-operation-codes code read = 'Read', stated as 'null')</td><td>OAuth</td><td>1.1.1</td><td>POST /authorizations/revoke</td><td>json</td><td>true</td><td>post</td><td>/authorizations/revoke</td></tr></table></blockquote><blockquote><p><b>action</b></p><h3>Asserts</h3><table class=\"grid\"><tr><td style=\"display: none\">-</td><td><b>Description</b></td><td><b>Response</b></td><td><b>WarningOnly</b></td></tr><tr><td style=\"display: none\">*</td><td>Confirm that the returned HTTP status is 200(OK).</td><td>okay</td><td>false</td></tr></table></blockquote></blockquote></div>"
  },
  "url" : "http://",
  "version" : "0.2.1",
  "name" : "Scenario 2C",
  "title" : "R4 TestScript - PHI System - Patient Multi-User Access",
  "status" : "draft",
  "date" : "2022-06-14T23:19:30.696Z",
  "publisher" : "MITRE",
  "contact" : [{
    "name" : "MITRE",
    "telecom" : [{
      "system" : "url",
      "value" : "https://www.mitre.org"
    }]
  }],
  "jurisdiction" : [{
    "coding" : [{
      "system" : "urn:iso:std:iso:3166",
      "code" : "US"
    }]
  }],
  "fixture" : [{
    "id" : "73594318-988d-5647-b3d8-1f1841578c27",
    "autocreate" : true,
    "autodelete" : true,
    "resource" : {
      "reference" : "PharmLoc2",
      "type" : "Location",
      "display" : "OrgA CT Location 2"
    }
  }],
  "test" : [{
    "id" : "3823df50-2a7e-48e7-8f70-921067974a05",
    "name" : "0.1 Create hospital organization",
    "action" : [{
      "operation" : {
        "type" : {
          "system" : "http://terminology.hl7.org/CodeSystem/testscript-operation-codes",
          "code" : "update"
        },
        "resource" : "Organization",
        "label" : "Hospital Organization",
        "description" : "PUT /baseR4/Organization/J4aabjHFaXv73ZvME",
        "accept" : "json",
        "encodeRequestUrl" : true,
        "method" : "put",
        "url" : "/baseR4/Organization/J4aabjHFaXv73ZvME"
      }
    },
    {
      "assert" : {
        "description" : "Confirm that the returned HTTP status is 201(Success).",
        "response" : "created",
        "warningOnly" : false
      }
    }]
  },
  {
    "id" : "80ca8957-a591-4a3c-835e-7018bf03660b",
    "name" : "0.2  Create Jane Doe patient",
    "action" : [{
      "operation" : {
        "type" : {
          "system" : "http://terminology.hl7.org/CodeSystem/testscript-operation-codes",
          "code" : "update"
        },
        "resource" : "Patient",
        "label" : "Jane Doe - Patient",
        "description" : "PUT /baseR4/Patient/6kKu6iPnJtMozpaBp",
        "accept" : "json",
        "encodeRequestUrl" : true,
        "method" : "put",
        "url" : "/baseR4/Patient/6kKu6iPnJtMozpaBp"
      }
    },
    {
      "assert" : {
        "description" : "Confirm that the returned HTTP status is 201(Success).",
        "response" : "created",
        "warningOnly" : false
      }
    }]
  },
  {
    "id" : "ef27765c-a138-5669-b255-17bb91d30cc0",
    "name" : "0.3 Create Katie Klepto patient",
    "action" : [{
      "operation" : {
        "type" : {
          "system" : "http://terminology.hl7.org/CodeSystem/testscript-operation-codes",
          "code" : "update"
        },
        "resource" : "Patient",
        "label" : "Katie Klepto",
        "description" : "PUT /baseR4/Patient/qirz9TRTPfkDgBSs8",
        "accept" : "json",
        "encodeRequestUrl" : true,
        "method" : "put",
        "url" : "/baseR4/Patient/qirz9TRTPfkDgBSs8"
      }
    },
    {
      "assert" : {
        "description" : "Confirm that the returned HTTP status is 201(Success).",
        "response" : "created",
        "warningOnly" : false
      }
    }]
  },
  {
    "id" : "ed7f8206-22ad-4bce-b3d8-83980dc0af5e",
    "name" : "0.5 Create Susan social worker",
    "action" : [{
      "operation" : {
        "type" : {
          "system" : "http://terminology.hl7.org/CodeSystem/testscript-operation-codes",
          "code" : "update"
        },
        "resource" : "Practitioner",
        "label" : "Susan Social",
        "description" : "PUT /baseR4/Practitioner",
        "accept" : "json",
        "encodeRequestUrl" : true,
        "method" : "put",
        "url" : "/baseR4/Practitioner"
      }
    },
    {
      "assert" : {
        "description" : "Confirm that the returned HTTP status is 201(Success).",
        "response" : "created",
        "warningOnly" : false
      }
    }]
  },
  {
    "id" : "309ca261-92bf-5063-ba69-77f29c52c671",
    "name" : "0.6 Create consent records on accessing patient data.",
    "action" : [{
      "operation" : {
        "type" : {
          "system" : "http://terminology.hl7.org/CodeSystem/testscript-operation-codes",
          "code" : "update"
        },
        "label" : "Restriction on accessing other patients data",
        "description" : "PUT /baseR4/Consent/cotkDnGQjpHijDsRR",
        "accept" : "json",
        "encodeRequestUrl" : true,
        "method" : "put",
        "url" : "/baseR4/Consent/cotkDnGQjpHijDsRR"
      }
    },
    {
      "assert" : {
        "description" : "Confirm that the returned HTTP status is 201(Success).",
        "response" : "created",
        "warningOnly" : false
      }
    }]
  },
  {
    "id" : "ed7f8206-22ad-4bce-b3d8-83980dc0af5e",
    "name" : "1.1.1 Jane authenticates",
    "action" : [{
      "operation" : {
        "type" : {
          "system" : "http://terminology.hl7.org/CodeSystem/testscript-operation-codes",
          "code" : "read"
        },
        "resource" : "Basic",
        "label" : "1.1.1",
        "description" : "GET /oauth/token",
        "accept" : "json",
        "encodeRequestUrl" : true,
        "method" : "get",
        "url" : "/oauth/token"
      }
    },
    {
      "assert" : {
        "description" : "Confirm that the returned HTTP status is 200(OK).",
        "response" : "okay",
        "warningOnly" : false
      }
    }]
  },
  {
    "id" : "93751460-d513-4b6c-bcc1-1239227c725f",
    "name" : "1.1.1 Jane tries to access her own records",
    "action" : [{
      "operation" : {
        "type" : {
          "system" : "http://terminology.hl7.org/CodeSystem/testscript-operation-codes",
          "code" : "read"
        },
        "resource" : "Binary",
        "label" : "1.1.1",
        "description" : "GET /baseR4/Patient/6kKu6iPnJtMozpaBp",
        "accept" : "json",
        "encodeRequestUrl" : true,
        "method" : "get",
        "url" : "/baseR4/Patient/6kKu6iPnJtMozpaBp"
      }
    },
    {
      "assert" : {
        "description" : "Confirm that the returned HTTP status is 200(OK).",
        "response" : "okay",
        "warningOnly" : false
      }
    }]
  },
  {
    "id" : "f93da593-133a-4ab5-9a15-6919a9646e2d",
    "name" : "1.1.1 Jane logs out",
    "action" : [{
      "operation" : {
        "type" : {
          "system" : "http://terminology.hl7.org/CodeSystem/testscript-operation-codes",
          "code" : "read"
        },
        "resource" : "OAuth",
        "label" : "1.1.1",
        "description" : "POST /authorizations/revoke",
        "accept" : "json",
        "encodeRequestUrl" : true,
        "method" : "post",
        "url" : "/authorizations/revoke"
      }
    },
    {
      "assert" : {
        "description" : "Confirm that the returned HTTP status is 200(OK).",
        "response" : "okay",
        "warningOnly" : false
      }
    }]
  },
  {
    "id" : "f5e23c2f-3b0a-4994-a5e2-26ee6598cfdb",
    "name" : "1.2.1 Katie Klepto authenticates",
    "action" : [{
      "operation" : {
        "type" : {
          "system" : "http://terminology.hl7.org/CodeSystem/testscript-operation-codes",
          "code" : "read"
        },
        "resource" : "Basic",
        "label" : "1.1.1",
        "description" : "GET /oauth/token",
        "accept" : "json",
        "encodeRequestUrl" : true,
        "method" : "get",
        "url" : "/oauth/token"
      }
    },
    {
      "assert" : {
        "description" : "Confirm that the returned HTTP status is 200(OK).",
        "response" : "okay",
        "warningOnly" : false
      }
    }]
  },
  {
    "id" : "417b8dd4-082b-44a7-8642-7ce48193f5bd",
    "name" : "1.2.2 Katie Klepto tries to access her own records",
    "action" : [{
      "operation" : {
        "type" : {
          "system" : "http://terminology.hl7.org/CodeSystem/testscript-operation-codes",
          "code" : "read"
        },
        "resource" : "Binary",
        "label" : "1.1.1",
        "description" : "GET /baseR4/Patient/qirz9TRTPfkDgBSs8",
        "accept" : "json",
        "encodeRequestUrl" : true,
        "method" : "get",
        "url" : "/baseR4/Patient/qirz9TRTPfkDgBSs8"
      }
    },
    {
      "assert" : {
        "description" : "Confirm that the returned HTTP status is 200(OK).",
        "response" : "okay",
        "warningOnly" : false
      }
    }]
  },
  {
    "id" : "8ddcbc24-563a-490e-b902-ee28e720ed41",
    "name" : "1.2.3 Katie Klepto tries to access Jane's records",
    "action" : [{
      "operation" : {
        "type" : {
          "system" : "http://terminology.hl7.org/CodeSystem/testscript-operation-codes",
          "code" : "read"
        },
        "resource" : "Binary",
        "label" : "1.1.1",
        "description" : "GET /baseR4/Patient/6kKu6iPnJtMozpaBp",
        "accept" : "json",
        "encodeRequestUrl" : true,
        "method" : "get",
        "url" : "/baseR4/Patient/6kKu6iPnJtMozpaBp"
      }
    },
    {
      "assert" : {
        "description" : "Confirm that the returned HTTP status is 200(OK).",
        "response" : "bad",
        "warningOnly" : false
      }
    }]
  },
  {
    "id" : "125fc5fe-6165-4085-bb71-9cf34fb3f174",
    "name" : "1.2.4 Katie Klepto logs out",
    "action" : [{
      "operation" : {
        "type" : {
          "system" : "http://terminology.hl7.org/CodeSystem/testscript-operation-codes",
          "code" : "read"
        },
        "resource" : "OAuth",
        "label" : "1.1.1",
        "description" : "POST /authorizations/revoke",
        "accept" : "json",
        "encodeRequestUrl" : true,
        "method" : "post",
        "url" : "/authorizations/revoke"
      }
    },
    {
      "assert" : {
        "description" : "Confirm that the returned HTTP status is 200(OK).",
        "response" : "okay",
        "warningOnly" : false
      }
    }]
  },
  {
    "id" : "bd6d83d9-0a6f-47c2-a39e-e393fa1cac54",
    "name" : "1.3.1 Susan Social authenticates",
    "action" : [{
      "operation" : {
        "type" : {
          "system" : "http://terminology.hl7.org/CodeSystem/testscript-operation-codes",
          "code" : "read"
        },
        "resource" : "Basic",
        "label" : "1.1.1",
        "description" : "GET /oauth/token",
        "accept" : "json",
        "encodeRequestUrl" : true,
        "method" : "get",
        "url" : "/oauth/token"
      }
    },
    {
      "assert" : {
        "description" : "Confirm that the returned HTTP status is 200(OK).",
        "response" : "okay",
        "warningOnly" : false
      }
    }]
  },
  {
    "id" : "19f22d84-4715-4bf8-8c96-35586ac19d66",
    "name" : "1.3.2 Susan Social accesses Katie's chart",
    "action" : [{
      "operation" : {
        "type" : {
          "system" : "http://terminology.hl7.org/CodeSystem/testscript-operation-codes",
          "code" : "read"
        },
        "resource" : "Binary",
        "label" : "1.1.1",
        "description" : "GET /baseR4/Patient/qirz9TRTPfkDgBSs8",
        "accept" : "json",
        "encodeRequestUrl" : true,
        "method" : "get",
        "url" : "/baseR4/Patient/qirz9TRTPfkDgBSs8"
      }
    },
    {
      "assert" : {
        "description" : "Confirm that the returned HTTP status is 200(OK).",
        "response" : "okay",
        "warningOnly" : false
      }
    }]
  },
  {
    "id" : "fcacd7d3-190e-4565-93e2-a4c2ff0123a2",
    "name" : "1.3.3 Susan Social accesses Jane's chart",
    "action" : [{
      "operation" : {
        "type" : {
          "system" : "http://terminology.hl7.org/CodeSystem/testscript-operation-codes",
          "code" : "read"
        },
        "resource" : "Binary",
        "label" : "1.1.1",
        "description" : "GET /baseR4/Patient/6kKu6iPnJtMozpaBp",
        "accept" : "json",
        "encodeRequestUrl" : true,
        "method" : "get",
        "url" : "/baseR4/Patient/6kKu6iPnJtMozpaBp"
      }
    },
    {
      "assert" : {
        "description" : "Confirm that the returned HTTP status is 200(OK).",
        "response" : "bad",
        "warningOnly" : false
      }
    }]
  },
  {
    "id" : "568eb07e-6c81-48e7-b8e6-79c01f103061",
    "name" : "1.2.4 Susan Social logs out",
    "action" : [{
      "operation" : {
        "type" : {
          "system" : "http://terminology.hl7.org/CodeSystem/testscript-operation-codes",
          "code" : "read"
        },
        "resource" : "OAuth",
        "label" : "1.1.1",
        "description" : "POST /authorizations/revoke",
        "accept" : "json",
        "encodeRequestUrl" : true,
        "method" : "post",
        "url" : "/authorizations/revoke"
      }
    },
    {
      "assert" : {
        "description" : "Confirm that the returned HTTP status is 200(OK).",
        "response" : "okay",
        "warningOnly" : false
      }
    }]
  }]
}