{
  "package": "mitre.fast.access-control",
  "version": "0.2.2",
  "fhirVersion": "4.0.1",
  "extensions": [],
  "profiles": {
    "Consent": [
      {
        "url": "https://gitlab.mitre.org/awatson/fast-access-control/StructureDefinition/ConsentToAcces",
        "title": "AccessControlConsent"
      }
    ]
  },
  "usage": {
    "client_name": [
      "Basic"
    ],
    "grant_types": [
      "Basic"
    ],
    "http://hl7.org/fhir/StructureDefinition/elementdefinition-bestpractice": [
      "StructureDefinition.snapshot.element.constraint"
    ],
    "http://hl7.org/fhir/StructureDefinition/elementdefinition-bestpractice-explanation": [
      "StructureDefinition.snapshot.element.constraint"
    ],
    "http://hl7.org/fhir/StructureDefinition/elementdefinition-bindingName": [
      "StructureDefinition.snapshot.element.binding"
    ],
    "http://hl7.org/fhir/StructureDefinition/elementdefinition-maxValueSet": [
      "StructureDefinition.snapshot.element.binding"
    ],
    "http://hl7.org/fhir/StructureDefinition/implementationguide-resource-format": [
      "ImplementationGuide.definition.resource"
    ],
    "http://hl7.org/fhir/StructureDefinition/structuredefinition-fhir-type": [
      "StructureDefinition.snapshot.element.type"
    ],
    "http://hl7.org/fhir/tools/StructureDefinition/ig-internal-dependency": [
      "ImplementationGuide.definition"
    ],
    "http://hl7.org/fhir/tools/StructureDefinition/ig-page-name": [
      "ImplementationGuide.definition.page",
      "ImplementationGuide.definition.page.page"
    ],
    "http://hl7.org/fhir/tools/StructureDefinition/ig-parameter": [
      "ImplementationGuide.definition"
    ],
    "http://hl7.org/fhir/tools/StructureDefinition/implementationguide-dependency-comment": [
      "ImplementationGuide.dependsOn"
    ],
    "http://hl7.org/fhir/tools/StructureDefinition/resource-information": [
      "ImplementationGuide.definition.resource"
    ],
    "http://hl7.org/fhir/us/core/StructureDefinition/us-core-birthsex": [
      "Patient"
    ],
    "http://hl7.org/fhir/us/core/StructureDefinition/us-core-ethnicity": [
      "Patient"
    ],
    "http://hl7.org/fhir/us/core/StructureDefinition/us-core-race": [
      "Patient"
    ],
    "redirect_uris": [
      "Basic"
    ],
    "resourceType": [
      "Basic"
    ],
    "scope": [
      "Basic"
    ],
    "token_endpoint_auth_method": [
      "Basic"
    ]
  }
}