{
  "resourceType" : "OperationDefinition",
  "id" : "diff",
  "text" : {
    "status" : "generated",
    "div" : "<div xmlns=\"http://www.w3.org/1999/xhtml\"><p class=\"res-header-id\"><b>Generated Narrative: OperationDefinition diff</b></p><a name=\"diff\"> </a><a name=\"hcdiff\"> </a><a name=\"diff-en-US\"> </a><p>URL: [base]/Consent/[id]/$diff</p><h3>Parameters</h3><table class=\"grid\"><tr><td><b>Use</b></td><td><b>Name</b></td><td><b>Scope</b></td><td><b>Cardinality</b></td><td><b>Type</b></td><td><b>Binding</b></td><td><b>Documentation</b></td></tr><tr><td>IN</td><td>_id</td><td/><td>1..1</td><td><a href=\"http://hl7.org/fhir/R4/consent.html\">Consent</a></td><td/><td><div><p>Usage:  POST /Consent/Jennifer-Consents-MA/$diff</p>\n</div></td></tr></table></div>"
  },
  "url" : "http://h7.org/fhir/OperationDefinition/example",
  "version" : "0.2.2",
  "name" : "Consent Differential",
  "status" : "draft",
  "kind" : "operation",
  "date" : "2015-08-04",
  "publisher" : "MITRE",
  "contact" : [{
    "name" : "MITRE",
    "telecom" : [{
      "system" : "url",
      "value" : "https://www.mitre.org"
    }]
  }],
  "description" : "Determine differential between two Consent records",
  "code" : "diff",
  "base" : "OperationDefinition/Consent-diff",
  "resource" : ["Consent"],
  "system" : false,
  "type" : false,
  "instance" : true,
  "parameter" : [{
    "name" : "_id",
    "use" : "in",
    "min" : 1,
    "max" : "1",
    "documentation" : "Usage:  POST /Consent/Jennifer-Consents-MA/$diff",
    "type" : "Consent"
  }]
}