{
  "resourceType" : "StructureMap",
  "id" : "PoaQuestinonaireToConsent",
  "text" : {
    "status" : "generated",
    "div" : "<div xmlns=\"http://www.w3.org/1999/xhtml\"><pre class=\"fml\">\r\n<b>map</b><span style=\"color: navy\"> &quot;</span>http://<span style=\"color: navy\">&quot; = &quot;</span>PoaQuestinonaireToConsent<span style=\"color: navy\">&quot;\r\n\r\n</span><span style=\"color: navy\">// </span><span style=\"color: green\">Power of Attorney questionnaire to Consent record</span>\r\n\r\n<b>group </b>First<span style=\"color: navy\">(</span><b>source</b> <span style=\"color: maroon\">PoaQuestinonaireToConsent</span><span style=\"color: navy\">)</span><b> &lt;&lt;types&gt;&gt;</b><span style=\"color: navy\"> {\r\n</span>  6Zzqjx8mENBX5Mdnq<b> default </b>&quot;First&quot;<span style=\"color: navy\"><b> -&gt; </b></span><b> as </b><span style=\"color: maroon\">name.given</span> <i>&quot;6Zzqjx8mENBX5Mdnq&quot;</i><span style=\"color: navy\">;</span>\r\n<span style=\"color: navy\">}\r\n\r\n</span></pre></div>"
  },
  "url" : "http://",
  "version" : "0.2.1",
  "name" : "PoaQuestinonaireToConsent",
  "status" : "draft",
  "date" : "2023-08-09T03:19:35-05:00",
  "publisher" : "MITRE",
  "contact" : [{
    "name" : "MITRE",
    "telecom" : [{
      "system" : "url",
      "value" : "https://www.mitre.org"
    }]
  }],
  "description" : "Power of Attorney questionnaire to Consent record",
  "group" : [{
    "name" : "First",
    "typeMode" : "types",
    "input" : [{
      "name" : "PoaQuestinonaireToConsent",
      "mode" : "source"
    }],
    "rule" : [{
      "name" : "6Zzqjx8mENBX5Mdnq",
      "source" : [{
        "context" : "6Zzqjx8mENBX5Mdnq",
        "defaultValueString" : "First"
      }],
      "target" : [{
        "contextType" : "variable",
        "variable" : "name.given"
      }]
    }]
  }]
}