<?xml version="1.0" encoding="UTF-8"?>

<ConceptMap xmlns="http://hl7.org/fhir">
  <id value="HipaaPrivacyToConsent"/>
  <text>
    <status value="extensions"/><div xmlns="http://www.w3.org/1999/xhtml"><h2>null (https://gitlab.mitre.org/awatson/fast-access-control/ConceptMap/HipaaPrivacyToConsent)</h2><p>Mapping from (not specified) to (not specified)</p><p>DRAFT. Published on 2022-10-31 12:13:59-0500 by MITRE (MITRE: <a href="https://www.mitre.org">https://www.mitre.org</a>). </p><br/></div>
  </text>
  <url value="https://gitlab.mitre.org/awatson/fast-access-control/ConceptMap/HipaaPrivacyToConsent"/>
  <version value="0.1.0"/>
  <status value="draft"/>
  <date value="2022-10-31T00:13:59-05:00"/>
  <publisher value="MITRE"/>
  <contact>
    <name value="MITRE"/>
    <telecom>
      <system value="url"/>
      <value value="https://www.mitre.org"/>
    </telecom>
  </contact>
</ConceptMap>