<?xml version="1.0" encoding="UTF-8"?>

<Consent xmlns="http://hl7.org/fhir">
  <id value="ConsentAnonPatient"/>
  <meta>
    <versionId value="1"/>
    <lastUpdated value="2022-09-18T23:01:14.992Z"/>
  </meta>
  <text>
    <status value="generated"/><div xmlns="http://www.w3.org/1999/xhtml"><p><b>Generated Narrative: Consent</b><a name="ConsentAnonPatient"> </a></p><div style="display: inline-block; background-color: #d9e0e7; padding: 6px; margin: 4px; border: 1px solid #8da1b4; border-radius: 5px; line-height: 60%"><p style="margin-bottom: 0px">Resource Consent &quot;ConsentAnonPatient&quot; Version &quot;1&quot; Updated &quot;2022-09-18 23:01:14+0000&quot; </p></div><p><b>status</b>: active</p><p><b>scope</b>: Privacy Consent <span style="background: LightGoldenRodYellow; margin: 4px; border: 1px solid khaki"> (<a href="http://terminology.hl7.org/5.0.0/CodeSystem-consentscope.html">Consent Scope Codes</a>#patient-privacy)</span></p><p><b>category</b>: information disclosure <span style="background: LightGoldenRodYellow; margin: 4px; border: 1px solid khaki"> (<a href="http://terminology.hl7.org/5.0.0/CodeSystem-v3-ActCode.html">ActCode</a>#IDSCL)</span></p><p><b>dateTime</b>: 2022-09-18 00:00:00+0000</p><h3>Policies</h3><table class="grid"><tr><td style="display: none">-</td><td><b>Uri</b></td></tr><tr><td style="display: none">*</td><td><a href="https://docs.google.com/document/d/10Y-rEtVQiTWTy7tU-Slw5urAv5RVN38DwSGMVz84Phg/edit?usp=sharing">https://docs.google.com/document/d/10Y-rEtVQiTWTy7tU-Slw5urAv5RVN38DwSGMVz84Phg/edit?usp=sharing</a></td></tr></table><blockquote><p><b>provision</b></p><p><b>type</b>: deny</p><blockquote><p><b>provision</b></p><p><b>type</b>: permit</p><blockquote><p><b>actor</b></p></blockquote><p><b>action</b>: Access <span style="background: LightGoldenRodYellow; margin: 4px; border: 1px solid khaki"> (<a href="http://terminology.hl7.org/5.0.0/CodeSystem-consentaction.html">Consent Action Codes</a>#access)</span></p><p><b>securityLabel</b>: unrestricted (Details: http://terminology.hl7.org/CodeSystem/v3-Confidentiality code U = 'unrestricted', stated as 'unrestricted')</p><p><b>class</b>: Patient (Details: [not stated] code Patient = 'Patient', stated as 'Patient')</p></blockquote></blockquote></div>
  </text>
  <status value="active"/>
  <scope>
    <coding>
      <system value="http://terminology.hl7.org/CodeSystem/consentscope"/>
      <code value="patient-privacy"/>
      <display value="Privacy Consent"/>
    </coding>
  </scope>
  <category>
    <coding>
      <system value="http://terminology.hl7.org/CodeSystem/v3-ActCode"/>
      <code value="IDSCL"/>
      <display value="information disclosure"/>
    </coding>
  </category>
  <dateTime value="2022-09-18T00:00:00.000Z"/>
  <policy>
    <uri value="https://docs.google.com/document/d/10Y-rEtVQiTWTy7tU-Slw5urAv5RVN38DwSGMVz84Phg/edit?usp=sharing"/>
  </policy>
  <provision>
    <type value="deny"/>
    <provision>
      <type value="permit"/>
      <actor>
        <role>
          <coding>
            <system value="http://terminology.hl7.org/CodeSystem/v3-RoleClass"/>
            <code value="CIT"/>
            <display value="citizen"/>
          </coding>
        </role>
        <reference>
          <reference value="AnonRole"/>
        </reference>
      </actor>
      <action>
        <coding>
          <system value="http://terminology.hl7.org/CodeSystem/consentaction"/>
          <code value="access"/>
          <display value="Access"/>
        </coding>
      </action>
      <securityLabel>
        <system value="http://terminology.hl7.org/CodeSystem/v3-Confidentiality"/>
        <code value="U"/>
        <display value="unrestricted"/>
      </securityLabel>
      <class>
        <code value="Patient"/>
        <display value="Patient"/>
      </class>
    </provision>
  </provision>
</Consent>