<?xml version="1.0" encoding="UTF-8"?>

<OperationDefinition xmlns="http://hl7.org/fhir">
  <id value="toAcl"/>
  <text>
    <status value="extensions"/><div xmlns="http://www.w3.org/1999/xhtml"><p>URL: [base]/Consent/[id]/$toAcl</p><p>Parameters</p><table class="grid"><tr><td><b>Use</b></td><td><b>Name</b></td><td><b>Scope</b></td><td><b>Cardinality</b></td><td><b>Type</b></td><td><b>Binding</b></td><td><b>Documentation</b></td></tr><tr><td>IN</td><td>patient</td><td/><td>1..1</td><td><a href="http://hl7.org/fhir/R4/references.html#Reference">Reference</a></td><td/><td><div><p>Usage:  GET /Consent/$toAcl?patient=Patient/{patientId}</p>
</div></td></tr><tr><td>IN</td><td>consentor</td><td/><td>0..1</td><td><a href="http://hl7.org/fhir/R4/references.html#Reference">Reference</a></td><td/><td><div><p>Usage:  GET /Consent/$toAcl?consentor=RelatedPerson/{relatedPersonId}</p>
</div></td></tr><tr><td>IN</td><td>practitioner</td><td/><td>0..1</td><td><a href="http://hl7.org/fhir/R4/references.html#Reference">Reference</a></td><td/><td><div><p>Usage:  GET /Consent/$toAcl?practitioner=Practitioner/{practitionerId}</p>
</div></td></tr><tr><td>IN</td><td>organization</td><td/><td>0..1</td><td><a href="http://hl7.org/fhir/R4/references.html#Reference">Reference</a></td><td/><td><div><p>Usage:  GET /Consent/$toAcl?organization=Organization/{organizationId}</p>
</div></td></tr></table></div>
  </text>
  <url value="http://h7.org/fhir/OperationDefinition/example"/>
  <version value="0.1.0"/>
  <name value="Consent To Access Control List"/>
  <status value="draft"/>
  <kind value="operation"/>
  <date value="2015-08-04"/>
  <publisher value="MITRE"/>
  <contact>
    <name value="MITRE"/>
    <telecom>
      <system value="url"/>
      <value value="https://www.mitre.org"/>
    </telecom>
  </contact>
  <description value="Return the access control list for a user."/>
  <code value="toAcl"/>
  <base value="OperationDefinition/Consent-toAcl"/>
  <resource value="Consent"/>
  <system value="false"/>
  <type value="false"/>
  <instance value="true"/>
  <parameter>
    <name value="patient"/>
    <use value="in"/>
    <min value="1"/>
    <max value="1"/>
    <documentation value="Usage:  GET /Consent/$toAcl?patient=Patient/{patientId}"/>
    <type value="Reference"/>
  </parameter>
  <parameter>
    <name value="consentor"/>
    <use value="in"/>
    <min value="0"/>
    <max value="1"/>
    <documentation value="Usage:  GET /Consent/$toAcl?consentor=RelatedPerson/{relatedPersonId}"/>
    <type value="Reference"/>
  </parameter>
  <parameter>
    <name value="practitioner"/>
    <use value="in"/>
    <min value="0"/>
    <max value="1"/>
    <documentation value="Usage:  GET /Consent/$toAcl?practitioner=Practitioner/{practitionerId}"/>
    <type value="Reference"/>
  </parameter>
  <parameter>
    <name value="organization"/>
    <use value="in"/>
    <min value="0"/>
    <max value="1"/>
    <documentation value="Usage:  GET /Consent/$toAcl?organization=Organization/{organizationId}"/>
    <type value="Reference"/>
  </parameter>
  <overload>
    <parameterName value="patient"/>
    <parameterName value="consentor"/>
    <parameterName value="practitioner"/>
    <parameterName value="organization"/>
  </overload>
</OperationDefinition>