{
  "resourceType" : "Patient",
  "id" : "patient-katie-klepti",
  "meta" : {
    "versionId" : "1",
    "lastUpdated" : "2020-09-13T12:21:34.589+00:00",
    "source" : "#mehi-consent-engine-reference-implementation",
    "profile" : ["http://hl7.org/fhir/us/core/StructureDefinition/us-core-patient"]
  },
  "text" : {
    "status" : "generated",
    "div" : "<div xmlns=\"http://www.w3.org/1999/xhtml\"><p style=\"border: 1px #661aff solid; background-color: #e6e6ff; padding: 10px;\"><b>KATIE KLEPTI </b> female, DoB: 2004-06-15 ( Medical Record Number:\u00a01042001\u00a0(use:\u00a0USUAL))</p><hr/><table class=\"grid\"><tr><td style=\"background-color: #f3f5da\" title=\"Record is active\">Active:</td><td colspan=\"3\">true</td></tr><tr><td style=\"background-color: #f3f5da\" title=\"Ways to contact the Patient\">Contact Detail:</td><td colspan=\"3\">ph: 282-555-3434(HOME)</td></tr><tr><td style=\"background-color: #f3f5da\" title=\"Patient Links\">Links:</td><td colspan=\"3\"><ul><li>General Practitioner: <a href=\"Practitioner/ractitioner-susan-social\">Practitioner/ractitioner-susan-social: Susan Social</a></li><li>Managing Organization: <a href=\"Organization-stjames.html\">Organization/stjames: St. James</a> &quot;St. James Infirmary&quot;</li></ul></td></tr></table></div>"
  },
  "extension" : [{
    "extension" : [{
      "url" : "ombCategory",
      "valueCoding" : {
        "system" : "urn:oid:2.16.840.1.113883.6.238",
        "code" : "2106-3",
        "display" : "White"
      }
    },
    {
      "url" : "ombCategory",
      "valueCoding" : {
        "system" : "urn:oid:2.16.840.1.113883.6.238",
        "code" : "1002-5",
        "display" : "American Indian or Alaska Native"
      }
    },
    {
      "url" : "ombCategory"
    }],
    "url" : "http://hl7.org/fhir/us/core/StructureDefinition/us-core-race"
  },
  {
    "extension" : [{
      "url" : "ombCategory",
      "valueCoding" : {
        "system" : "http://hl7.org/fhir/us/core/ValueSet/omb-ethnicity",
        "code" : "2186-5",
        "display" : "Non Hispanic or Latino"
      }
    },
    {
      "url" : "detailed",
      "valueString" : "Non Hispanic or Latino"
    }],
    "url" : "http://hl7.org/fhir/us/core/StructureDefinition/us-core-ethnicity"
  },
  {
    "url" : "http://hl7.org/fhir/us/core/StructureDefinition/us-core-birthsex",
    "valueCode" : "F"
  }],
  "identifier" : [{
    "use" : "usual",
    "type" : {
      "coding" : [{
        "system" : "http://terminology.hl7.org/CodeSystem/v2-0203",
        "code" : "MR",
        "display" : "Medical Record Number"
      }],
      "text" : "Medical Record Number"
    },
    "system" : "http://hospital.smarthealthit.org",
    "value" : "1042001"
  }],
  "active" : true,
  "name" : [{
    "family" : "KLEPTI",
    "given" : ["KATIE"]
  }],
  "telecom" : [{
    "system" : "phone",
    "value" : "282-555-3434",
    "use" : "home"
  }],
  "gender" : "female",
  "birthDate" : "2004-06-15",
  "generalPractitioner" : [{
    "reference" : "Practitioner/ractitioner-susan-social",
    "display" : "Susan Social"
  }],
  "managingOrganization" : {
    "reference" : "Organization/stjames",
    "display" : "St. James"
  }
}