{
  "resourceType": "StructureDefinition",
  "id": "OAuthTokenRequest",
  "text": {
    "status": "extensions",
    "div": "<div xmlns=\"http://www.w3.org/1999/xhtml\"><table border=\"0\" cellpadding=\"0\" cellspacing=\"0\" style=\"border: 0px #F0F0F0 solid; font-size: 11px; font-family: verdana; vertical-align: top;\"><tr style=\"border: 1px #F0F0F0 solid; font-size: 11px; font-family: verdana; vertical-align: top\"><th style=\"vertical-align: top; text-align : left; background-color: white; border: 0px #F0F0F0 solid; padding:0px 4px 0px 4px\" class=\"hierarchy\"><a href=\"http://hl7.org/fhir/R4/formats.html#table\" title=\"The logical name of the element\">Name</a></th><th style=\"vertical-align: top; text-align : left; background-color: white; border: 0px #F0F0F0 solid; padding:0px 4px 0px 4px\" class=\"hierarchy\"><a href=\"http://hl7.org/fhir/R4/formats.html#table\" title=\"Information about the use of the element\">Flags</a></th><th style=\"vertical-align: top; text-align : left; background-color: white; border: 0px #F0F0F0 solid; padding:0px 4px 0px 4px\" class=\"hierarchy\"><a href=\"http://hl7.org/fhir/R4/formats.html#table\" title=\"Minimum and Maximum # of times the the element can appear in the instance\">Card.</a></th><th style=\"width: 100px\" class=\"hierarchy\"><a href=\"http://hl7.org/fhir/R4/formats.html#table\" title=\"Reference to the type of the element\">Type</a></th><th style=\"vertical-align: top; text-align : left; background-color: white; border: 0px #F0F0F0 solid; padding:0px 4px 0px 4px\" class=\"hierarchy\"><a href=\"http://hl7.org/fhir/R4/formats.html#table\" title=\"Additional information about the element\">Description &amp; Constraints</a><span style=\"float: right\"><a href=\"http://hl7.org/fhir/R4/formats.html#table\" title=\"Legend for this format\"><img src=\"http://hl7.org/fhir/R4/help16.png\" alt=\"doco\" style=\"background-color: inherit\"/></a></span></th></tr><tr style=\"border: 0px #F0F0F0 solid; padding:0px; vertical-align: top; background-color: white\"><td style=\"vertical-align: top; text-align : left; background-color: white; border: 0px #F0F0F0 solid; padding:0px 4px 0px 4px; white-space: nowrap; background-image: url(tbl_bck1.png)\" class=\"hierarchy\"><img src=\"tbl_spacer.png\" alt=\".\" style=\"background-color: inherit\" class=\"hierarchy\"/><img src=\"icon_element.gif\" alt=\".\" style=\"background-color: white; background-color: inherit\" title=\"Element\" class=\"hierarchy\"/> <a href=\"StructureDefinition-OAuthTokenRequest-definitions.html#OAuthTokenRequest\" title=\"The response to the discovery endpoint\">OAuthTokenRequest</a><a name=\"OAuthTokenRequest\"> </a></td><td style=\"vertical-align: top; text-align : left; background-color: white; border: 0px #F0F0F0 solid; padding:0px 4px 0px 4px\" class=\"hierarchy\"/><td style=\"vertical-align: top; text-align : left; background-color: white; border: 0px #F0F0F0 solid; padding:0px 4px 0px 4px\" class=\"hierarchy\"><span style=\"opacity: 0.5\">0</span><span style=\"opacity: 0.5\">..</span><span style=\"opacity: 0.5\">*</span></td><td style=\"vertical-align: top; text-align : left; background-color: white; border: 0px #F0F0F0 solid; padding:0px 4px 0px 4px\" class=\"hierarchy\"><a href=\"http://build.fhir.org/types.html#Base\">Base</a></td><td style=\"vertical-align: top; text-align : left; background-color: white; border: 0px #F0F0F0 solid; padding:0px 4px 0px 4px\" class=\"hierarchy\">The response to the discovery endpoint</td></tr>\r\n<tr style=\"border: 0px #F0F0F0 solid; padding:0px; vertical-align: top; background-color: #F7F7F7\"><td style=\"vertical-align: top; text-align : left; background-color: #F7F7F7; border: 0px #F0F0F0 solid; padding:0px 4px 0px 4px; white-space: nowrap; background-image: url(tbl_bck10.png)\" class=\"hierarchy\"><img src=\"tbl_spacer.png\" alt=\".\" style=\"background-color: inherit\" class=\"hierarchy\"/><img src=\"tbl_vjoin.png\" alt=\".\" style=\"background-color: inherit\" class=\"hierarchy\"/><img src=\"icon_primitive.png\" alt=\".\" style=\"background-color: #F7F7F7; background-color: inherit\" title=\"Primitive Data Type\" class=\"hierarchy\"/> <a href=\"StructureDefinition-OAuthTokenRequest-definitions.html#OAuthTokenRequest.summary\" title=\"One-sentence, &lt;140-character summary message for display to the user inside of this card.\">summary</a><a name=\"OAuthTokenRequest.summary\"> </a></td><td style=\"vertical-align: top; text-align : left; background-color: #F7F7F7; border: 0px #F0F0F0 solid; padding:0px 4px 0px 4px\" class=\"hierarchy\"/><td style=\"vertical-align: top; text-align : left; background-color: #F7F7F7; border: 0px #F0F0F0 solid; padding:0px 4px 0px 4px\" class=\"hierarchy\">1..1</td><td style=\"vertical-align: top; text-align : left; background-color: #F7F7F7; border: 0px #F0F0F0 solid; padding:0px 4px 0px 4px\" class=\"hierarchy\"><a href=\"http://hl7.org/fhir/R4/datatypes.html#string\">string</a></td><td style=\"vertical-align: top; text-align : left; background-color: #F7F7F7; border: 0px #F0F0F0 solid; padding:0px 4px 0px 4px\" class=\"hierarchy\">Summary message for display to the user (&lt;140 char)</td></tr>\r\n<tr style=\"border: 0px #F0F0F0 solid; padding:0px; vertical-align: top; background-color: white\"><td style=\"vertical-align: top; text-align : left; background-color: white; border: 0px #F0F0F0 solid; padding:0px 4px 0px 4px; white-space: nowrap; background-image: url(tbl_bck10.png)\" class=\"hierarchy\"><img src=\"tbl_spacer.png\" alt=\".\" style=\"background-color: inherit\" class=\"hierarchy\"/><img src=\"tbl_vjoin.png\" alt=\".\" style=\"background-color: inherit\" class=\"hierarchy\"/><img src=\"icon_primitive.png\" alt=\".\" style=\"background-color: white; background-color: inherit\" title=\"Primitive Data Type\" class=\"hierarchy\"/> <a href=\"StructureDefinition-OAuthTokenRequest-definitions.html#OAuthTokenRequest.detail\" title=\"Optional detailed information to display; if provided MUST be represented in (GitHub Flavored) Markdown. (For non-urgent cards, the CDS Client MAY hide these details until the user clicks a link like 'view more details...').\">detail</a><a name=\"OAuthTokenRequest.detail\"> </a></td><td style=\"vertical-align: top; text-align : left; background-color: white; border: 0px #F0F0F0 solid; padding:0px 4px 0px 4px\" class=\"hierarchy\"/><td style=\"vertical-align: top; text-align : left; background-color: white; border: 0px #F0F0F0 solid; padding:0px 4px 0px 4px\" class=\"hierarchy\">0..1</td><td style=\"vertical-align: top; text-align : left; background-color: white; border: 0px #F0F0F0 solid; padding:0px 4px 0px 4px\" class=\"hierarchy\"><a href=\"http://hl7.org/fhir/R4/datatypes.html#markdown\">markdown</a></td><td style=\"vertical-align: top; text-align : left; background-color: white; border: 0px #F0F0F0 solid; padding:0px 4px 0px 4px\" class=\"hierarchy\">Optional detailed information to display (GitHub Flavored Markdown)</td></tr>\r\n<tr style=\"border: 0px #F0F0F0 solid; padding:0px; vertical-align: top; background-color: #F7F7F7\"><td style=\"vertical-align: top; text-align : left; background-color: #F7F7F7; border: 0px #F0F0F0 solid; padding:0px 4px 0px 4px; white-space: nowrap; background-image: url(tbl_bck00.png)\" class=\"hierarchy\"><img src=\"tbl_spacer.png\" alt=\".\" style=\"background-color: inherit\" class=\"hierarchy\"/><img src=\"tbl_vjoin_end.png\" alt=\".\" style=\"background-color: inherit\" class=\"hierarchy\"/><img src=\"icon_primitive.png\" alt=\".\" style=\"background-color: #F7F7F7; background-color: inherit\" title=\"Primitive Data Type\" class=\"hierarchy\"/> <a href=\"StructureDefinition-OAuthTokenRequest-definitions.html#OAuthTokenRequest.indicator\" title=\"Urgency/importance of what this card conveys. Allowed values, in order of increasing urgency, are: info, warning, critical.\">indicator</a><a name=\"OAuthTokenRequest.indicator\"> </a></td><td style=\"vertical-align: top; text-align : left; background-color: #F7F7F7; border: 0px #F0F0F0 solid; padding:0px 4px 0px 4px\" class=\"hierarchy\"/><td style=\"vertical-align: top; text-align : left; background-color: #F7F7F7; border: 0px #F0F0F0 solid; padding:0px 4px 0px 4px\" class=\"hierarchy\">0..1</td><td style=\"vertical-align: top; text-align : left; background-color: #F7F7F7; border: 0px #F0F0F0 solid; padding:0px 4px 0px 4px\" class=\"hierarchy\"><a href=\"http://hl7.org/fhir/R4/datatypes.html#code\">code</a></td><td style=\"vertical-align: top; text-align : left; background-color: #F7F7F7; border: 0px #F0F0F0 solid; padding:0px 4px 0px 4px\" class=\"hierarchy\">info, warning, critical - Urgency/importance of what this card conveys<br/><span style=\"font-weight:bold\">Binding: </span><a href=\"http://hl7.org/fhir/tools/ValueSet/CDSIndicator\">http://hl7.org/fhir/tools/ValueSet/CDSIndicator</a> (<a href=\"http://hl7.org/fhir/R4/terminologies.html#required\" title=\"To be conformant, the concept in this element SHALL be from the specified value set.\">required</a>)</td></tr>\r\n<tr><td colspan=\"5\" class=\"hierarchy\"><br/><a href=\"http://hl7.org/fhir/R4/formats.html#table\" title=\"Legend for this format\"><img src=\"http://hl7.org/fhir/R4/help16.png\" alt=\"doco\" style=\"background-color: inherit\"/> Documentation for this format</a></td></tr></table></div>"
  },
  "url": "http://hl7.org/fhir/tools/StructureDefinition/OAuthTokenRequest",
  "version": "0.1.0",
  "name": "OAuthTokenRequest",
  "title": "OAuth Token Request",
  "status": "draft",
  "date": "2022-10-31T00:13:59-05:00",
  "publisher": "MITRE",
  "contact": [
    {
      "name": "MITRE",
      "telecom": [
        {
          "system": "url",
          "value": "https://www.mitre.org"
        }
      ]
    }
  ],
  "description": "This structure is defined to allow the FHIR Validator to validate a OAuthRegistration Response body",
  "jurisdiction": [
    {
      "coding": [
        {
          "system": "http://unstats.un.org/unsd/methods/m49/m49.htm",
          "code": "001"
        }
      ]
    }
  ],
  "fhirVersion": "4.0.1",
  "mapping": [
    {
      "identity": "rim",
      "uri": "http://hl7.org/v3",
      "name": "RIM Mapping"
    }
  ],
  "kind": "logical",
  "abstract": false,
  "type": "OAuthTokenRequest",
  "baseDefinition": "http://hl7.org/fhir/StructureDefinition/Base",
  "derivation": "specialization",
  "snapshot": {
    "element": [
      {
        "id": "OAuthTokenRequest",
        "path": "OAuthTokenRequest",
        "short": "The response to the discovery endpoint",
        "definition": "The response to the discovery endpoint",
        "min": 0,
        "max": "*",
        "base": {
          "path": "Base",
          "min": 0,
          "max": "*"
        },
        "isModifier": false
      },
      {
        "id": "OAuthTokenRequest.summary",
        "path": "OAuthTokenRequest.summary",
        "short": "Summary message for display to the user (<140 char)",
        "definition": "One-sentence, <140-character summary message for display to the user inside of this card.",
        "min": 1,
        "max": "1",
        "base": {
          "path": "OAuthTokenRequest.summary",
          "min": 1,
          "max": "1"
        },
        "type": [
          {
            "code": "string"
          }
        ]
      },
      {
        "id": "OAuthTokenRequest.detail",
        "path": "OAuthTokenRequest.detail",
        "short": "Optional detailed information to display (GitHub Flavored Markdown)",
        "definition": "Optional detailed information to display; if provided MUST be represented in (GitHub Flavored) Markdown. (For non-urgent cards, the CDS Client MAY hide these details until the user clicks a link like 'view more details...').",
        "min": 0,
        "max": "1",
        "base": {
          "path": "OAuthTokenRequest.detail",
          "min": 0,
          "max": "1"
        },
        "type": [
          {
            "code": "markdown"
          }
        ]
      },
      {
        "id": "OAuthTokenRequest.indicator",
        "path": "OAuthTokenRequest.indicator",
        "short": "info, warning, critical - Urgency/importance of what this card conveys",
        "definition": "Urgency/importance of what this card conveys. Allowed values, in order of increasing urgency, are: info, warning, critical.",
        "comment": "The CDS Client MAY use this field to help make UI display decisions such as sort order or coloring.",
        "min": 0,
        "max": "1",
        "base": {
          "path": "OAuthTokenRequest.indicator",
          "min": 0,
          "max": "1"
        },
        "type": [
          {
            "code": "code"
          }
        ],
        "binding": {
          "strength": "required",
          "valueSet": "http://hl7.org/fhir/tools/ValueSet/CDSIndicator"
        }
      }
    ]
  },
  "differential": {
    "element": [
      {
        "id": "OAuthTokenRequest",
        "path": "OAuthTokenRequest",
        "short": "The response to the discovery endpoint",
        "definition": "The response to the discovery endpoint"
      },
      {
        "id": "OAuthTokenRequest.summary",
        "path": "OAuthTokenRequest.summary",
        "short": "Summary message for display to the user (<140 char)",
        "definition": "One-sentence, <140-character summary message for display to the user inside of this card.",
        "min": 1,
        "max": "1",
        "type": [
          {
            "code": "string"
          }
        ]
      },
      {
        "id": "OAuthTokenRequest.detail",
        "path": "OAuthTokenRequest.detail",
        "short": "Optional detailed information to display (GitHub Flavored Markdown)",
        "definition": "Optional detailed information to display; if provided MUST be represented in (GitHub Flavored) Markdown. (For non-urgent cards, the CDS Client MAY hide these details until the user clicks a link like 'view more details...').",
        "min": 0,
        "max": "1",
        "type": [
          {
            "code": "markdown"
          }
        ]
      },
      {
        "id": "OAuthTokenRequest.indicator",
        "path": "OAuthTokenRequest.indicator",
        "short": "info, warning, critical - Urgency/importance of what this card conveys",
        "definition": "Urgency/importance of what this card conveys. Allowed values, in order of increasing urgency, are: info, warning, critical.",
        "comment": "The CDS Client MAY use this field to help make UI display decisions such as sort order or coloring.",
        "min": 0,
        "max": "1",
        "type": [
          {
            "code": "code"
          }
        ],
        "binding": {
          "strength": "required",
          "valueSet": "http://hl7.org/fhir/tools/ValueSet/CDSIndicator"
        }
      }
    ]
  }
}